"record_id","modified","institutionCode","collectionCode","catalogNumber","basisOfRecord","kingdom","class","order","family","genus","specificEpithet","scientificName","scientificNameAuthorship","recordedBy","year","month","day","continentOcean","country","locality","decimalLongitude","decimalLatitude","verbatimLongitude","verbatimLatitude","occurrenceRemarks","barcode","imagecode","phylum","identifiedBy","recordNumber","stateProvince","previousCatalogNumber","yearIdentified","county","coordinatePrecision","geoFlag","monthIdentified","minimumElevationInMeters","maximumElevationInMeters","typeStatus","sex","preparationType","individualCount","dayIdentified","relatedCatalogItem"
1,"2020-02-08 08:48:19-03","NBC","NL-BOTANY","U.1115786","PreservedSpecimen","Plantae","Magnoliopsidae","Asterales","Compositae","Blanchetia","heterotricha","Blanchetia heterotricha","DC.","Harley RM; et al.",1974,2,27,"Southern America","Brazil","Estado Do Bahiam side road ca. 2 km from Estiva, about 12 km N of Sengor do Bonfim on the BA 130 to Juazeiro.",-40.166667,-10.383333,"-40.166667","-10.383333","<a href=https://data.biodiversitydata.nl/naturalis/specimen/U.1115786 target=other class=eLink> <mi>dwc_moreinfo</mi></a>","NL-U1115786","NL-U1115786",NA,NA,NA,NA,NA,NA,NA,NA,NA,NA,NA,NA,NA,NA,NA,NA,NA,NA
2,"2019-07-24 15:27:12-03","ASU","ASU-PLANTS","6021","PreservedSpecimen","Plantae",NA,"Asterales","Asteraceae","Blanchetia","heterotricha","Blanchetia heterotricha","DC.","G. Hatschbach; M. Hatschbach, O. S. Ribas, J. Carneiro",2003,6,28,NA,"Brazil","Lajeado Alto (Mun. Iacu)",-40.212377,-12.759568,"-40.212377","-12.759568","Arbusto, 1m, capitulo lilas. Caatinga.",NA,NA,"Magnoliophyta","M. Dematteis","79843","Bahia","259156",NA,NA,NA,NA,NA,NA,NA,NA,NA,NA,NA,NA,NA
3,"2020-02-10 17:49:57-03","UNICAMP","UEC","127556","S","Plantae",NA,NA,"Asteraceae","Blanchetia","heterotricha","Blanchetia heterotricha","A.DC.","Ribeiro-Filho, AA",1999,2,14,NA,"Brazil","Serra da Jibóia, mata de altitude., À margem da estrada da Serra da Pioneira.",-39,-12,"-39","-12","Arbusto ca. 0,6m de altura, ramificado na base. Folhas discolores, membranáceas, face superior verde e inferior esbranquiçada, invólucro verde. Flores rosas.","UEC069247","UEC069247","Magnoliopsida","Loeuille, BFP","180","Bahia",NA,2011,"Santa Terezinha",NA,NA,NA,NA,NA,NA,NA,NA,NA,NA,NA
4,"2020-02-10 17:49:57-03","UNICAMP","UEC",NA,"S","Plantae",NA,NA,"Asteraceae","Blanchetia","heterotricha","Blanchetia heterotricha","A.DC.","Davis, PH; Lima, AD",1976,9,25,NA,"Brazil","Near caruaru, W.of Recife, Caatinga formation",-35.9761009216309,-8.28332996368408,NA,NA,"2-3ft. Shrub. Flowers whitish mauve.",NA,NA,"Magnoliopsida",NA,"61102","Pernambuco",NA,1980,"Caruaru",35136,"auto",NA,NA,NA,NA,NA,NA,NA,NA,NA
6,"2020-02-10 17:49:57-03","UNICAMP","UEC","187051","S","Plantae",NA,NA,"Asteraceae","Blanchetia","heterotricha","Blanchetia heterotricha","A.DC.","Menezes, MC; Aona, LYS",2008,4,20,NA,"Brazil","Fazenda Campo Limpo,Córrego do Machado, divisa com a área da UFRB.",-39.1018981933594,-12.6700000762939,NA,NA,NA,"UEC117553","UEC117553","Magnoliopsida",NA,"1008","Bahia",NA,NA,"Cruz das Almas",14660,"auto",NA,NA,NA,NA,NA,NA,NA,NA,NA
7,"2020-02-10 17:49:57-03","UNICAMP","UEC",NA,"S","Plantae",NA,NA,"Asteraceae","Blanchetia","heterotricha","Blanchetia heterotricha","A.DC.","Carvalho, AMV; Plowman, T",1983,2,9,NA,"Brazil","Km 7 da estrada Maracás, Contendas do Sincora. Afloramento rochoso ao lado S da estrada.Campo rupestre e caatinga.",-40.4308013916016,-13.4411001205444,NA,NA,"Arbusto com ca. 2,0m de altura, crescendo na caatinga. Flores alvo-rosadas.",NA,NA,"Magnoliopsida","Hind, DJN","1561","Bahia",NA,2002,"Maracás",50558,"auto",10,NA,NA,NA,NA,NA,NA,NA,NA
9,"2019-11-19 14:04:51-03","UFRPE","PEUFR","20046","PreservedSpecimen","Plantae",NA,NA,"Asteraceae","Blanchetia","heterotricha","Blanchetia heterotricha","DC.","M. Sales",1995,5,8,NA,"Brasil","Reserva Ecológica Municipal da Prefeitura de Bonito",-35.7285995483398,-8.47027969360352,NA,NA,"Arbusto; pétlas brancas; tubo das anteras violeta","PEUFR020046",NA,NA,"B. Leonille","595","Pernambuco",NA,2015,"Bonito",20932,"auto",4,NA,NA,NA,NA,NA,NA,NA,NA
11,"2019-12-06 14:30:28-03","MBM","MBM","272587","S","Plantae",NA,NA,"Asteraceae","Blanchetia","heterotricha","Blanchetia heterotricha","DC.","Bautista, H.P.; et al.; et al.",1996,7,6,"Southern America","Brazil","Barracão de Cima",-40.5182991027832,-11.1806001663208,NA,NA,NA,"MBM272587","MBM272587",NA,"Hind, D.J.N.","3456","Bahia",NA,NA,"Jacobina",62396,"auto",NA,NA,NA,NA,NA,NA,NA,NA,NA
12,"2019-12-06 14:30:28-03","MBM","MBM","393826","S","Plantae",NA,NA,"Asteraceae","Blanchetia","heterotricha","Blanchetia heterotricha","DC.","Ogasawara, H.A.",2013,2,23,"Southern America","Brazil","Estrada Real, Trilha para drenagem do Ventura",-41.1561012268066,-11.5500001907349,NA,NA,NA,"MBM393826","MBM393826",NA,"Ogasawara, H.A.","338","Bahia",NA,2013,"Morro do Chapéu",98143,"auto",2,NA,NA,NA,NA,NA,NA,NA,NA
14,"2019-12-06 14:30:28-03","MBM","MBM","283452","S","Plantae",NA,NA,"Asteraceae","Blanchetia","heterotricha","Blanchetia heterotricha","DC.","Hatschbach, G.; et al.; et al.",2003,6,26,"Southern America","Brazil","Rodovia para Milagres",-39.6046981811523,-13.0303001403809,NA,NA,NA,"MBM283452","MBM283452",NA,"Demateis, M.","75729","Bahia",NA,NA,"Amargosa",22699,"auto",NA,NA,NA,NA,NA,NA,NA,NA,NA
15,"2019-12-06 14:30:28-03","MBM","MBM","417907","S","Plantae",NA,NA,"Asteraceae","Blanchetia","heterotricha","Blanchetia heterotricha","DC.","Guedes, M.L.; Amaral, E.C.A.; Xavier, B.I.A.; Amaral, E.C.A.; Xavier, B.I.A.",2017,6,7,"Southern America","Brazil","Chapada Diamantina, Margens do Rio Bonito",-41.166667,-12.683333,"-41.166667","-12.683333",NA,"MBM417907",NA,NA,"Guedes, M.L.","25740","Bahia",NA,2017,"Wagner",NA,NA,7,NA,NA,NA,NA,NA,NA,NA,NA
16,"2019-12-06 14:30:28-03","MBM","MBM","97731","S","Plantae",NA,NA,"Asteraceae","Blanchetia","heterotricha","Blanchetia heterotricha","DC.","Noblick, L.R.",1983,5,25,"Southern America","Brazil","Campus da UEFS",-38.9667015075684,-12.2666997909546,NA,NA,NA,"MBM097731","MBM097731",NA,"Robinson, H.; Kint, R.M.","2684","Bahia",NA,NA,"Feira de Santana",46325,"auto",NA,NA,NA,NA,NA,NA,NA,NA,NA
17,"2019-12-06 14:30:28-03","MBM","MBM","341043","S","Plantae",NA,NA,"Asteraceae","Blanchetia","heterotricha","Blanchetia heterotricha","DC.","Ribeiro, T.; et al.; et al.",2001,4,5,"Southern America","Brazil","Entre a Fazenda Pé de Serra e o riacho do Caldeirão",-40.5950012207031,-11.4288997650146,NA,NA,"Subarbusto ereto; perfumado. Folhas semi-papiráceas. Utilizada na forma de chá para estômago. vegetação Arbórea semi-caducifolia","MBM341043","MBM341043",NA,"Bautista, H.P.","133","Bahia",NA,2001,"Miguel Calmon",41248,"auto",4,820,820,NA,NA,NA,NA,NA,NA
19,"2019-12-06 14:30:28-03","MBM","MBM","268770","S","Plantae",NA,NA,"Asteraceae","Blanchetia","heterotricha","Blanchetia heterotricha","DC.","Giulietti, A.M.; et al.; et al.",2000,2,24,"Southern America","Brazil","Estrada para Delfino",-40.3213996887207,-10.5074996948242,NA,NA,NA,"MBM268770","MBM268770",NA,NA,"1799","Bahia",NA,NA,"Campo Formoso",104183,"auto",NA,NA,NA,NA,NA,NA,NA,NA,NA
21,"2019-12-06 14:30:28-03","MBM","MBM","205692","S","Plantae",NA,NA,"Asteraceae","Blanchetia","heterotricha","Blanchetia heterotricha","DC.","Hatschbach, G.; Hatschbach, M.; Ribas, O.S.; Hatschbach, M.; Ribas, O.S.",1997,1,17,"Southern America","Brazil","Lagoa do Pato",-42.4749984741211,-14.0693998336792,NA,NA,NA,"MBM205692","MBM205692",NA,"Robinson, H.","65869","Bahia",NA,NA,"Caetité",53684,"auto",NA,NA,NA,NA,NA,NA,NA,NA,NA
22,"2019-12-06 14:30:28-03","MBM","MBM","283453","S","Plantae",NA,NA,"Asteraceae","Blanchetia","heterotricha","Blanchetia heterotricha","DC.","Hatschbach, G.; et al.; et al.",2003,6,28,"Southern America","Brazil","Lajeado Alto",-40.2117004394531,-12.7672004699707,NA,NA,NA,"MBM283453","MBM283453",NA,"Demateis, M.","75843","Bahia",NA,NA,"Iaçu",50006,"auto",NA,NA,NA,NA,NA,NA,NA,NA,NA
24,"2019-12-06 14:30:28-03","MBM","MBM","272888","S","Plantae",NA,NA,"Asteraceae","Blanchetia","heterotricha","Blanchetia heterotricha","DC.","Ribeiro Filho, A.A.",2001,2,14,"Southern America","Brazil","Serra da Jibóia",-39.5233001708984,-12.771900177002,NA,NA,NA,"MBM272888","MBM272888",NA,"Bautista, H.P.","180","Bahia",NA,NA,"Santa Terezinha",25196,"auto",NA,NA,NA,NA,NA,NA,NA,NA,NA
28,"2019-10-16 14:11:05-03","UEL","FUEL","40710","PreservedSpecimen","Plantae",NA,"Asterales","Asteraceae","Blanchetia","heterotricha","Blanchetia heterotricha","DC.","Carneiro-Torres, DS; França, F; Cerqueira, DB; Godinho, A",2005,8,22,NA,"Brasil","Sentido Riachão do Dantas, próximo a comunidade Bo, Solo argiloso com afloramento de arenito. Vegetação arbustiva. 187.",-37.908889,-11.133889,"-37.908889","-11.133889","Arbusto 1,5m. Flolhas papiráceas, discolores face abaxial cinéria. Flores brancas com lacínios lilás.",NA,NA,"Tracheophyta","Bautista, HP","444","Bahia",NA,2006,"Tobias Barreto",NA,NA,8,187,187,NA,NA,NA,NA,NA,NA
29,"2017-01-18 16:19:04-02","UnB","UB","124093","S","Plantae",NA,NA,"Asteraceae","Blanchetia","heterotricha","Blanchetia heterotricha","DC.","França, F",1997,6,22,"Southern America","Brasil","Morro da Garrafa",-39.863333,-12.755,"-39.863333","-12.755","Arbusto 1,5m. Folha membranácea. Capítulos em botões.",NA,NA,"Dicotyledoneae",NA,"2322","Bahia",NA,NA,"Iaçu",NA,NA,NA,NA,NA,NA,NA,NA,NA,NA,NA
30,"2017-01-18 16:19:04-02","UnB","UB","124092","S","Plantae",NA,NA,"Asteraceae","Blanchetia","heterotricha","Blanchetia heterotricha","DC.","Giulietti, AML",2000,2,24,"Southern America","Brasil","Estrada para Delfino, 9km depois de Poços",-40.478889,-10.488333,"-40.478889","-10.488333","Arbusto 0,8m. Capítulo com brácteas verdes, corola branca, anteras lilás, estilete branco; Caatinga",NA,NA,"Dicotyledoneae",NA,"1799","Bahia",NA,NA,"Campo Formoso",NA,NA,NA,NA,NA,NA,NA,NA,NA,NA,NA
32,"2019-09-24 15:09:58-03","MCZ","HU-ZOO","34135","PreservedSpecimen","Animalia","Mammalia","Artiodactyla","Cervidae","Blastocerus","dichotomus","Blastocerus dichotomus","(Illiger, 1815)","John K. Howard",1700,1,1,"South America","Brazil","Matto Grosso",-48.616667,-18.733333,"-48.616667","-18.733333","sex: male",NA,NA,"Chordata",NA,NA,NA,NA,NA,NA,NA,NA,NA,NA,NA,NA,"male","skull (dry)",1,NA,NA
33,"2020-01-06 11:57:36-03","NYBG","NYBG","02694411","PreservedSpecimen","Plantae",NA,"Asterales","Asteraceae","Blanchetia","heterotricha","Blanchetia heterotricha","DC.","R. S. Souza",2014,4,5,"South America","Brazil","Oriente Novo.. Estrada sentido Oriente Novo ao município de Boa Nova-BA. Borda da Mata.",-40.135972,-14.239528,"-40.135972","-14.239528","<a href=http://sweetgum.nybg.org/science/vh/specimen_details.php?irn=2952897 target=other class=eLink> <mi>dwc_moreinfo</mi></a>","NY02694411","NY02694411","Magnoliophyta","H. E. Robinson","445","Bahia",NA,2016,"Jequié",NA,NA,NA,771,771,NA,NA,"sheet",NA,NA,NA
34,"2019-12-16 16:49:06-03","NYBG","NYBG","781798","PreservedSpecimen","Plantae",NA,"Asterales","Asteraceae","Blanchetia","heterotricha","Blanchetia heterotricha","DC.","S. A. Mori",1978,3,5,"South America","Brazil","Km 10 da estrada que liga Poçoes (BR-116) ao povoado de Bom Jesus da Serra (ao W de Poçoes).",-40.3653,-14.5297,"-40.3653","-14.5297","<a href=http://sweetgum.nybg.org/science/vh/specimen_details.php?irn=71582 target=other class=eLink> <mi>dwc_moreinfo</mi></a>","NY00781798","NY00781798","Magnoliophyta","H. E. Robinson","9515","Bahia",NA,1979,"Poçoes",NA,NA,NA,750,750,NA,NA,"sheet",NA,NA,NA
35,"2019-12-16 16:49:06-03","NYBG","NYBG","781799","PreservedSpecimen","Plantae",NA,"Asterales","Asteraceae","Blanchetia","heterotricha","Blanchetia heterotricha","DC.","S. A. Mori",1980,3,9,"South America","Brazil","BA 046, trecho Iaçú/Milagres, a 5km ao E de Iaçú.",-40.21,-12.76,"-40.2100000","-12.76","<a href=http://sweetgum.nybg.org/science/vh/specimen_details.php?irn=71583 target=other class=eLink> <mi>dwc_moreinfo</mi></a>","NY00781799","NY00781799","Magnoliophyta","H. E. Robinson","13428","Bahia",NA,1981,"Iaçú",NA,NA,NA,300,300,NA,NA,"sheet",NA,NA,NA
36,"2019-12-16 16:49:06-03","NYBG","NYBG","781800","PreservedSpecimen","Plantae",NA,"Asterales","Asteraceae","Blanchetia","heterotricha","Blanchetia heterotricha","DC.","R. M. Harley",1974,2,27,"South America","Brazil","Side road ca. 2km from Estiva, about 12km. N of Senhor do Bonfim on the BA 130 to Juazeiro.",-40.17,-10.38,"-40.17","-10.38","<a href=http://sweetgum.nybg.org/science/vh/specimen_details.php?irn=71576 target=other class=eLink> <mi>dwc_moreinfo</mi></a>","NY00781800","NY00781800","Magnoliophyta","N. F. F. MacLeish","16520","Bahia",NA,1982,NA,NA,NA,NA,620,620,NA,NA,"sheet",NA,NA,NA
37,"2019-12-16 16:49:06-03","NYBG","NYBG","781801","PreservedSpecimen","Plantae",NA,"Asterales","Asteraceae","Blanchetia","heterotricha","Blanchetia heterotricha","DC.","A. M. Amorim",1993,2,21,"South America","Brazil","Estrada Jacobina-Itaitu, ca. de 22km a partir da Sede do município.",-40.5181,-11.1808,"-40.5181","-11.1808","<a href=http://sweetgum.nybg.org/science/vh/specimen_details.php?irn=71584 target=other class=eLink> <mi>dwc_moreinfo</mi></a>","NY00781801","NY00781801","Magnoliophyta","H. E. Robinson","981","Bahia",NA,1993,"Jacobina",NA,NA,12,NA,NA,NA,NA,"sheet",NA,NA,NA
38,"2019-12-16 16:49:06-03","NYBG","NYBG","781802","PreservedSpecimen","Plantae",NA,"Asterales","Asteraceae","Blanchetia","heterotricha","Blanchetia heterotricha","DC.","L. A. Mattos Silva",1979,2,14,"South America","Brazil","Rod. Maracás/Contendas do Sincorá (BA 026), km 6. Folha SD 24 (14-40a).",-40.4306,-13.4411,"-40.4306","-13.4411","<a href=http://sweetgum.nybg.org/science/vh/specimen_details.php?irn=71586 target=other class=eLink> <mi>dwc_moreinfo</mi></a>","NY00781802","NY00781802","Magnoliophyta","G. M. Barroso","237","Bahia",NA,1979,"Maracás",NA,NA,NA,900,900,NA,NA,"sheet",NA,NA,NA
40,"2019-12-16 16:49:06-03","NYBG","NYBG","781805","PreservedSpecimen","Plantae",NA,"Asterales","Asteraceae","Blanchetia","heterotricha","Blanchetia heterotricha","DC.","A. M. V. de Carvalho",1992,2,19,"South America","Brazil","Ramal a 15km na estrada Vitória da Conquista a Ilhéus.",-40.8392,-14.8661,"-40.8392","-14.8661","<a href=http://sweetgum.nybg.org/science/vh/specimen_details.php?irn=71581 target=other class=eLink> <mi>dwc_moreinfo</mi></a>","NY00781805","NY00781805","Magnoliophyta","J. F. Pruski","3803","Bahia",NA,1992,"Vitória da Conquista",NA,NA,NA,NA,NA,NA,NA,"sheet",NA,NA,NA
41,"2019-12-16 16:49:06-03","NYBG","NYBG","781806","PreservedSpecimen","Plantae",NA,"Asterales","Asteraceae","Blanchetia","heterotricha","Blanchetia heterotricha","DC.","J. G. Jardim",2000,2,24,"South America","Brazil","14.5km na rod. Elísio Medrado/Sta. Teresinha. Torre da Embratel, ca. 7km do Distr. de Pedra Branca. Serra da Giboia.",-39.4758,-12.8536,"-39.4758","-12.8536","<a href=http://sweetgum.nybg.org/science/vh/specimen_details.php?irn=71587 target=other class=eLink> <mi>dwc_moreinfo</mi></a>","NY00781806","NY00781806","Magnoliophyta",NA,"2809","Bahia",NA,NA,"Santa Teresinha",NA,NA,NA,750,750,NA,NA,"sheet",NA,NA,NA
42,"2013-07-03 10:29:31-03","EBDA","BAH","5219","S","Plantae",NA,NA,"Asteraceae","Blanchetia","heterotricha","Blanchetia heterotricha","DC.","Jardim, J.G.",2000,2,24,NA,"Brasil","14,5Km na rodovia Elísio Medradp/Sta. Teresinha. Torre da Embratel, ca. 7Km do distrito de Pedra Branca. Serra da Giboia.",-39.475833,-12.853611,"39W 28' 33","12S 51' 13","Subarbusto ca. 1m altura. Folhas discolores, verde na face superior e a face inferior alvacenta. Flores lilás-claro, periclínio verde.",NA,NA,NA,"H.A. Ogasawara","2809","Bahia",NA,2013,"Santa Teresinha",NA,NA,5,750,750,NA,NA,NA,NA,NA,NA
43,"2013-07-03 10:29:31-03","EBDA","BAH","9722","S","Plantae",NA,NA,"Asteraceae","Blanchetia","heterotricha","Blanchetia heterotricha","DC.","Ribeiro, T.",2001,4,5,NA,"Brasil","Entre a fazenda pé de serra e o riacho do caldeirão",-40.554444,-11.4075,"40W 33' 16","11S 24' 27","Substrato ereto ; perfumado folhas semi-papiraceas.",NA,NA,NA,"H.P. Bautista","133","Bahia",NA,2001,"Miguel Calmon",NA,NA,4,820,820,NA,NA,NA,NA,NA,NA
44,"2013-07-03 10:29:31-03","EBDA","BAH","10080","S","Plantae",NA,NA,"Asteraceae","Blanchetia","heterotricha","Blanchetia heterotricha","DC.","Bautista H.P.",2001,4,10,NA,"Brasil","Serra da paciência",-40.380278,-10.693056,"40W 22' 49","10S 41' 35","Arbusto perfumado folhas papiraceas,discolores face abaxial grísea flores alvas filarias verdes. Substrato pedregoso.",NA,NA,NA,"H.P. Bautista","3117","Bahia",NA,2001,"Pindobuçu",NA,NA,4,1200,1200,NA,NA,NA,NA,NA,NA
45,"2014-11-03 15:37:54-02","MCN-PUC-MINAS","MCN-M","MCN-M 3106","S","Animalia","Mammalia","Artiodactyla","Cervidae","Blastocerus","dichotomus","Blastocerus dichotomus",NA,NA,2011,12,1,NA,"Brasil",NA,-57.519417,-19.302639,"57W 31' 09.9","19S 18' 09.5","Pele: Não Crânio Pós-crânio",NA,NA,"Chordata",NA,NA,"MS",NA,NA,"Corumbá",NA,NA,NA,NA,NA,NA,"M",NA,NA,NA,NA
46,"2019-12-17 11:12:01-03","UFBA-IMS","HVC","1428","PreservedSpecimen","Plantae",NA,NA,"Asteraceae","Blanchetia","heterotricha","Blanchetia heterotricha","DC.","A.C.S.Torres; H.I.L.N.Coelho, C.D.Barbosa",2016,9,30,NA,"Brasil","Lajedo da Porangaba. PARNA E REVIS DE BOA NOVA",-40.252222,-14.322222,"40º15'8''w","14º19'20''S","Folhas concolores. Frutos verdes no ápice do caule. Habitat: Caatinga Habito: Arbusto","HVC00001428",NA,NA,NA,"12","Bahia",NA,NA,"Boa Nova",NA,NA,NA,889,889,NA,NA,NA,NA,NA,NA
51,"2019-12-17 11:12:01-03","UFBA-IMS","HVC","1787","PreservedSpecimen","Plantae",NA,NA,"Asteraceae","Blanchetia","heterotricha","Blanchetia heterotricha","DC.","A.S. Soares; J.V.Carvalho L.J.G. Silva",2017,9,23,NA,"Brasil","Lajedo da Porangaba. PARNA E REVIS DE BOA NOVA",-40.252778,-14.322222,"40º15'10''w","14º19'20''S","Folhas verdes discolores, face abaxial acinzentada. Capítulos com brácteas verdes e corola rosa. Habitat: Caatinga - vegetação de afloramento rochoso, rodeado por mata de cipó. Habito: Arbusto","HVC00001787",NA,NA,NA,"25","Bahia",NA,NA,"Boa Nova",NA,NA,NA,935,935,NA,NA,NA,NA,NA,NA
52,"2019-12-17 11:12:01-03","UFBA-IMS","HVC","2433","PreservedSpecimen","Plantae",NA,NA,"Asteraceae","Blanchetia","heterotricha","Blanchetia heterotricha","DC.","G. L. Sampaio; C. V. Gonçalves, S. R. L. Braga e N. S. Andrade.",2018,6,2,NA,"Brasil","Lajedo da Porangaba. PARNA E REVIS DE BOA NOVA",-40.249167,-14.318611,"40º14'57''W","14º19'7''S","Folhas discolores, face superior verde e inferior acinzentada. Capítulos jovens com brácteas verdes e pétalas róseas. Habitat: Vegetação de afloramento rochoso, rodeado por mata de cipó. Habito: Arbusto","HVC00002433",NA,NA,NA,"12","Bahia",NA,NA,"Boa Nova",NA,NA,NA,883,883,NA,NA,NA,NA,NA,NA
53,"2019-12-17 11:12:01-03","UFBA-IMS","HVC","2452","PreservedSpecimen","Plantae",NA,NA,"Asteraceae","Blanchetia","heterotricha","Blanchetia heterotricha","DC.","A. T. T. S. Dourado; J. V. Carvalho e A. B. Costa.",2018,6,2,NA,"Brasil","Lajedo da Porangaba. PARNA E REVIS DE BOA NOVA",-40.2525,-14.3225,"40º15'9''W","14º19'21''S","Caule marrom acinzentado, folhas verdes descolores, face adaxial mais escura. Botões esverdeados, flores com pétalas brancas. Habitat: Vegetação de afloramento rochoso, rodeado por mata de cipó. Habito: Arbusto","HVC00002452",NA,NA,NA,"79","Bahia",NA,NA,"Boa Nova",NA,NA,NA,935,935,NA,NA,NA,NA,NA,NA
55,"2019-12-17 11:12:01-03","UFBA-IMS","HVC","4370","PreservedSpecimen","Plantae",NA,NA,"Asteraceae","Blanchetia","heterotricha","Blanchetia heterotricha","DC.","A.A.Oliveira",2018,8,19,NA,"Brasil","Sítio do Eldhen. Barro Branco.",-41.413056,-12.528889,"41º24'47''W","12º31'44''S","Folhas discolores. Brácteas verdes-incanas, corola rósea","HVC00004370",NA,NA,"Roque,N.","1","Bahia",NA,NA,"Lençóis",NA,NA,NA,NA,NA,NA,NA,NA,NA,NA,NA
57,"2019-07-24 15:54:08-03","SMITHSONIAN","US","3114403","PreservedSpecimen","Plantae","Dicotyledonae","Asterales","Asteraceae","Blanchetia","heterotricha","Blanchetia heterotricha","DC.","L. P. de Queiróz & I. Crepaldi",1987,3,27,"South America - Neotropics","Brazil","BR. Bahia, Municipio de Feira de Santana, Campus de UEFS.",-38.97,-12.25,"-38.97","-12.25","<a href=http://n2t.net/ark:/65665/3b5313575-072e-4ade-bdaa-eedba42331c8 target=other class=eLink> <mi>dwc_moreinfo</mi></a>","US01623515","US01623515",NA,NA,"1492","Bahia",NA,NA,NA,NA,NA,NA,NA,NA,NA,NA,NA,NA,NA,NA
58,"2019-07-24 15:54:08-03","SMITHSONIAN","US","3702521","PreservedSpecimen","Plantae","Dicotyledonae","Asterales","Asteraceae","Blanchetia","heterotricha","Blanchetia heterotricha","DC.","B. Loeuille, M. Lusa & M. Roscamp",2012,5,29,"South America - Neotropics","Brazil","Dom Macedo Costa. Reconcavo Bahiano. Milagres de Santo Antonio. Pastagem.",-39.2018,-12.9031,"-39.2018","-12.9031","<a href=http://n2t.net/ark:/65665/3251cb322-92bf-49ad-a714-063d6d97ac2c target=other class=eLink> <mi>dwc_moreinfo</mi></a>",NA,NA,NA,"Loeuille, B.","680","Bahia",NA,NA,NA,NA,NA,NA,193,193,NA,NA,NA,NA,NA,NA
59,"2019-11-13 11:16:11-03","USP","SPF","123949","PreservedSpecimen","Plantae",NA,NA,"Asteraceae","Blanchetia","heterotricha","Blanchetia heterotricha","DC.","Hind, DJN",1996,7,2,NA,"Brasil","Serra do Tombador",-40.6725,-11.086944,"-40.6725","-11.086944",NA,"SPF00123949",NA,NA,"Hind, DJN","PCD3337","Bahia",NA,1996,NA,NA,NA,7,729,729,NA,NA,NA,NA,NA,NA
60,"2019-11-13 11:16:11-03","USP","SPF","123950","PreservedSpecimen","Plantae",NA,NA,"Asteraceae","Blanchetia","heterotricha","Blanchetia heterotricha","DC.","Bautista, HP",1996,7,6,NA,"Brasil",NA,-40.545278,-11.018611,"-40.545278","-11.018611",NA,"SPF00123950",NA,NA,"Hind, DJN","PCD3456","Bahia",NA,1996,"Jacobina",NA,NA,7,632,632,NA,NA,NA,NA,NA,NA
61,"2019-11-13 11:16:11-03","USP","SPF","129855","PreservedSpecimen","Plantae",NA,NA,"Asteraceae","Blanchetia","heterotricha","Blanchetia heterotricha","DC.","Harley, RM",1997,3,6,NA,"Brasil",NA,-41.055278,-11.749444,"-41.055278","-11.749444",NA,"SPF00129855",NA,NA,"Harley, RM","PCD6092","Bahia",NA,1997,"Morro do Chapéu",NA,NA,3,876,876,NA,NA,NA,NA,NA,NA
63,"2019-11-13 11:16:11-03","USP","SPF","192185","PreservedSpecimen","Plantae",NA,NA,"Asteraceae","Blanchetia","heterotricha","Blanchetia heterotricha","DC.","Loeuille, B",2008,2,4,NA,"Brasil",NA,-41.005861,-11.678972,"-41.005861","-11.678972",NA,"SPF00192185",NA,NA,"Loeuille, B","394","Bahia",NA,2008,"Morro do Chapéu",NA,NA,2,737,737,NA,NA,NA,NA,NA,NA
64,"2019-11-13 11:16:11-03","USP","SPF","215040","PreservedSpecimen","Plantae",NA,NA,"Asteraceae","Blanchetia","heterotricha","Blanchetia heterotricha","DC.","Loeuille, B",2012,5,29,NA,"Brasil","Recôncavo Baiano, Milagres de Santo Antônio.",-39.218333,-12.903083,"-39.218333","-12.903083",NA,"SPF00215040",NA,NA,"Loeuille, B","680","Bahia",NA,2012,"Dom Macedo Costa",NA,NA,NA,193,193,NA,NA,NA,NA,NA,NA
65,"2019-11-13 11:16:11-03","USP","SPF","219143","PreservedSpecimen","Plantae",NA,NA,"Asteraceae","Blanchetia","heterotricha","Blanchetia heterotricha","DC.","Machado, CS",2008,3,13,NA,"Brasil","EMBRAPA, fragmento de mata.&nf;Projeto INSECTA.",-39.098056,-12.661111,"-39.098056","-12.661111",NA,"SPF00219143",NA,NA,"Siniscalchi, CM","4","Bahia",NA,2013,"Cruz das Almas",NA,NA,8,NA,NA,NA,NA,NA,NA,NA,NA
67,"2019-11-13 11:16:11-03","USP","SPF","91869","PreservedSpecimen","Plantae",NA,NA,"Asteraceae","Blanchetia","heterotricha","Blanchetia heterotricha","DC.","Stannard, BL",1992,3,13,NA,"Brasil",NA,-41.6636009216309,-13.2496995925903,NA,NA,NA,"SPF00091869",NA,NA,"Hind, DJN","H51879","Bahia",NA,1998,"Abaíra",26531,"auto",NA,950,950,NA,NA,NA,NA,NA,NA
70,"2019-11-13 11:16:11-03","USP","SPF","219159","PreservedSpecimen","Plantae",NA,NA,"Asteraceae","Blanchetia","heterotricha","Blanchetia heterotricha","DC.","Silva, LC",2010,2,4,NA,"Brasil","Fazenda Capivari.",-38.9900016784668,-12.6263999938965,NA,NA,NA,"SPF00219159",NA,NA,"Siniscalchi, CM","291","Bahia",NA,2013,"Muritiba",21641,"auto",NA,NA,NA,NA,NA,NA,NA,NA,NA
76,"2019-11-13 11:16:11-03","USP","SPF","219156","PreservedSpecimen","Plantae",NA,NA,"Asteraceae","Blanchetia","heterotricha","Blanchetia heterotricha","DC.","Dionísio, J",2002,3,29,NA,"Brasil","Missão.&nf;Planta cheirosa, não sabemos se é melífera.",-40.1893997192383,-10.4614000320435,NA,NA,NA,"SPF00219156",NA,NA,"Siniscalchi, CM","43A","Bahia",NA,2013,"Senhor do Bonfim",27716,"auto",NA,NA,NA,NA,NA,NA,NA,NA,NA
78,"2019-10-07 09:11:13-03","UEFS","HUEFS","172720","PreservedSpecimen","Plantae","Asteranae","Asterales","Asteraceae","Blanchetia","heterotricha","Blanchetia heterotricha","DC.","Melo, E.",2011,4,15,NA,"Brasil","Serra da Jibóia, Reserva Jequetibá.",-39.48,-12.871389,"39W28'48''","12S52'17''","Mata Atlântica.","HUEFS0172720","HUEFS0172720","Angiospermae","L.Moura","9526","Bahia",NA,2012,"Santa Terezinha",NA,NA,6,506,506,NA,NA,NA,NA,NA,NA
79,"2019-10-07 09:11:13-03","UEFS","HUEFS","108050","PreservedSpecimen","Plantae","Asteranae","Asterales","Asteraceae","Blanchetia","heterotricha","Blanchetia heterotricha","DC.","Barreto, V.",2006,4,13,NA,"Brasil",NA,-40.433056,-10.508889,"40W25'59''","10S30'32''",NA,"HUEFS0108050","HUEFS0108050","Angiospermae","L.M.Moura","256","Bahia",NA,2012,"Campo Formoso",NA,NA,3,739,739,NA,NA,NA,NA,NA,NA
80,"2019-10-07 09:11:13-03","UEFS","HUEFS","108138","PreservedSpecimen","Plantae","Asteranae","Asterales","Asteraceae","Blanchetia","heterotricha","Blanchetia heterotricha","DC.","Melo, E.",2006,3,18,NA,"Brasil","Fazenda Itibiraba, inselbergue Morro Itibiraba. Base do inselbergue.",-40.082222,-12.499444,"40W4'56''","12S29'58''",NA,"HUEFS0108138","HUEFS0108138","Angiospermae","H.P.Bautista","4297","Bahia",NA,2006,"Itaberaba",NA,NA,8,NA,NA,NA,NA,NA,NA,NA,NA
81,"2019-10-07 09:11:13-03","UEFS","HUEFS","109509","PreservedSpecimen","Plantae","Asteranae","Asterales","Asteraceae","Blanchetia","heterotricha","Blanchetia heterotricha","DC.","Melo, E.",2006,4,12,NA,"Brasil",NA,-40.270556,-10.604444,"40W16'14''","10S36'16''","Caatinga (Savana estépica arborizada).","HUEFS0109509","HUEFS0109509","Angiospermae","D.J.N.Hind","4390","Bahia",NA,2013,"Antônio Gonçalves",NA,NA,10,490,490,NA,NA,NA,NA,NA,NA
82,"2019-10-07 09:11:13-03","UEFS","HUEFS","109689","PreservedSpecimen","Plantae","Asteranae","Asterales","Asteraceae","Blanchetia","heterotricha","Blanchetia heterotricha","DC.","Lucchese, A.M.",2006,5,18,NA,"Brasil","Campus da UEFS.",-38.967778,-12.195556,"38W58'4''","12S11'44''",NA,"HUEFS0109689","HUEFS0109689","Angiospermae","B.Loeuille","4","Bahia",NA,2007,"Feira de Santana",NA,NA,9,229,229,NA,NA,NA,NA,NA,NA
83,"2019-10-07 09:11:13-03","UEFS","HUEFS","110229","PreservedSpecimen","Plantae","Asteranae","Asterales","Asteraceae","Blanchetia","heterotricha","Blanchetia heterotricha","DC.","Santos, M.E.",2005,7,7,NA,"Brasil","Estiva - Serra de Santana.",-40.2,-10.366667,"40W12'","10S22'","Arbórea - arbustiva. Argiloso.","HUEFS0110229","HUEFS0110229","Angiospermae","G.S.S.Almeida","1","Bahia",NA,2010,"Senhor do Bonfim",NA,NA,2,NA,NA,NA,NA,NA,NA,NA,NA
84,"2019-10-07 09:11:13-03","UEFS","HUEFS","114351","PreservedSpecimen","Plantae","Asteranae","Asterales","Asteraceae","Blanchetia","heterotricha","Blanchetia heterotricha","DC.","Gonçalves, J.M.",2006,6,15,NA,"Brasil","BA - 052.",-40.811389,-11.688889,"40W48'41''","11S41'20''","Floresta estacional semi-decidua.","HUEFS0114351","HUEFS0114351","Angiospermae","H.A.Ogasawara","47","Bahia",NA,2013,"Morro do Chapéu",NA,NA,1,680,680,NA,NA,NA,NA,NA,NA
85,"2019-10-07 09:11:13-03","UEFS","HUEFS","114383","PreservedSpecimen","Plantae","Asteranae","Asterales","Asteraceae","Blanchetia","heterotricha","Blanchetia heterotricha","DC.","Gonçalves, J.M.",2006,6,17,NA,"Brasil","BA - 422, estrada para Bonito, 20 KM de Lagoa Nova.",-41.15,-11.754722,"41W9'0''","11S45'17''",NA,"HUEFS0114383","HUEFS0114383","Angiospermae","S.C.Ferreira","79","Bahia",NA,2008,"Morro do Chapéu",NA,NA,3,912,912,NA,NA,NA,NA,NA,NA
86,"2019-10-07 09:11:13-03","UEFS","HUEFS","114393","PreservedSpecimen","Plantae","Asteranae","Asterales","Asteraceae","Blanchetia","heterotricha","Blanchetia heterotricha","DC.","Gonçalves, J.M.",2006,6,17,NA,"Brasil","Estrada da Boa Esperança variante a direita a 16 Km da entrada.",-41.165,-11.788889,"41W9'54''","11S47'20''",NA,"HUEFS0114393","HUEFS0114393","Angiospermae","S.C.Ferreira","89","Bahia",NA,2008,"Morro do Chapéu",NA,NA,3,910,910,NA,NA,NA,NA,NA,NA
87,"2019-10-07 09:11:13-03","UEFS","HUEFS","137355","PreservedSpecimen","Plantae","Asteranae","Asterales","Asteraceae","Blanchetia","heterotricha","Blanchetia heterotricha","DC.","Melo, E.",2008,4,19,NA,"Brasil","Comunidade Cristal. Buraco da Duda ou Buracão.",-41.304722,-11.828611,"41W18'17''","11S49'43''","Caatinga. Afloramento de calcário.","HUEFS0137355","HUEFS0137355","Angiospermae","H.A.Ogasawara","5619","Bahia",NA,2012,"Morro do Chapéu",NA,NA,6,NA,NA,NA,NA,NA,NA,NA,NA
88,"2019-10-07 09:11:13-03","UEFS","HUEFS","140096","PreservedSpecimen","Plantae","Asteranae","Asterales","Asteraceae","Blanchetia","heterotricha","Blanchetia heterotricha","DC.","Gonçalves, J.M.",2008,8,7,NA,"Brasil","Povoado de Sucupira. Sítio Senhor do Bonfim.",-38.958889,-11.608056,"38W57'32''","11S36'29''",NA,"HUEFS0140096","HUEFS0140096","Angiospermae","L.Moura","235","Bahia",NA,2014,"Serrinha",NA,NA,7,356,356,NA,NA,NA,NA,NA,NA
89,"2019-10-07 09:11:13-03","UEFS","HUEFS","140208","PreservedSpecimen","Plantae","Asteranae","Asterales","Asteraceae","Blanchetia","heterotricha","Blanchetia heterotricha","DC.","Oliveira, R.P.",2008,3,10,NA,"Brasil","Estrada em direção à Fazenda Boa Vista.",-39.835833,-13.259444,"39W50'9''","13S15'34''","Caatinga.","HUEFS0140208","HUEFS0140208","Angiospermae","L.Moura","1507","Bahia",NA,2012,"Ubaíra",NA,NA,8,NA,NA,NA,NA,NA,NA,NA,NA
90,"2019-10-07 09:11:13-03","UEFS","HUEFS","163596","PreservedSpecimen","Plantae","Asteranae","Asterales","Asteraceae","Blanchetia","heterotricha","Blanchetia heterotricha","DC.","Pimenta, K.M.",2009,NA,NA,NA,"Brasil","Serra da Jibóia.",-39.466667,-12.85,"39W28'","12S51'","Mata atlântica.","HUEFS0163596","HUEFS0163596","Angiospermae","L.Moura","195","Bahia",NA,2014,"Castro Alves",NA,NA,7,NA,NA,NA,NA,NA,NA,NA,NA
91,"2019-10-07 09:11:13-03","UEFS","HUEFS","167760","PreservedSpecimen","Plantae","Asteranae","Asterales","Asteraceae","Blanchetia","heterotricha","Blanchetia heterotricha","DC.","França, F.",2008,7,31,NA,"Brasil","Guariba",-41.181944,-11.465278,"41W10'55''","11S27'55''","Área de Pasto abandonado","HUEFS0167760","HUEFS0167760","Angiospermae","V.O.Amorim","5865","Bahia",NA,2013,"Morro do Chapéu",NA,NA,NA,976,976,NA,NA,NA,NA,NA,NA
92,"2019-10-07 09:11:13-03","UEFS","HUEFS","189816","PreservedSpecimen","Plantae","Asteranae","Asterales","Asteraceae","Blanchetia","heterotricha","Blanchetia heterotricha","DC.","Melo, E.",2012,7,29,NA,"Brasil","Estrada oposta a entrada para Lajedo Alto. Caminho para a Fazenda Sta. Clara.",-39.809167,-12.768333,"39W48'33''","12S46'6''",NA,"HUEFS0189816","HUEFS0189816","Angiospermae","L.Moura","11435","Bahia",NA,2014,"Itatim",NA,NA,7,NA,NA,NA,NA,NA,NA,NA,NA
93,"2019-10-07 09:11:13-03","UEFS","HUEFS","190395","PreservedSpecimen","Plantae","Asteranae","Asterales","Asteraceae","Blanchetia","heterotricha","Blanchetia heterotricha","DC.","Melo, E.",2012,11,16,NA,"Brasil","Água Branca.",-39.7,-12.75,"39W42'","12S45'","Caatinga, beira da lagoa.","HUEFS0190395","HUEFS0190395","Angiospermae",NA,"11777","Bahia",NA,NA,"Itatim",NA,NA,NA,420,420,NA,NA,NA,NA,NA,NA
94,"2019-10-07 09:11:13-03","UEFS","HUEFS","200784","PreservedSpecimen","Plantae","Asteranae","Asterales","Asteraceae","Blanchetia","heterotricha","Blanchetia heterotricha","DC.","Melo, E.",2013,11,2,NA,"Brasil","Rio Paraguaçu, próximo AABB.",-41.390278,-12.993333,"41W23'25''","12S59'36''","Mata Ciliar e Cerrado adjacente ao Rio Paraguaçu.","HUEFS0200784","HUEFS0200784","Angiospermae",NA,"12283","Bahia",NA,NA,"Mucugê",NA,NA,NA,975,975,NA,NA,NA,NA,NA,NA
95,"2019-10-07 09:11:13-03","UEFS","HUEFS","214840","PreservedSpecimen","Plantae","Asteranae","Asterales","Asteraceae","Blanchetia","heterotricha","Blanchetia heterotricha","DC.","Queiroz, L.P.de",2014,10,26,NA,"Brasil","Hotel Vila Serrano.",-41.388889,-12.56,"41W23'20''","12S33'36''","Floresta estacional semidecidual submontana com dossel ca. 8-10 m alt.","HUEFS0214840","HUEFS0214840","Angiospermae","V.O.Amorim & A.Gandara","16025","Bahia",NA,2016,"Lençóis",NA,NA,5,413,413,NA,NA,NA,NA,NA,NA
96,"2019-10-07 09:11:13-03","UEFS","HUEFS","234316","PreservedSpecimen","Plantae","Asteranae","Asterales","Asteraceae","Blanchetia","heterotricha","Blanchetia heterotricha","DC.","Silva, G.B.da",2017,9,6,NA,"Brasil","Campus da Universidade Estadual de Feira de Santana.",-38.97,-12.196111,"38W58'12''","12S11'46''",NA,"HUEFS0234316","HUEFS0234316","Angiospermae",NA,"46","Bahia",NA,NA,"Feira de Santana",NA,NA,NA,210,210,NA,NA,NA,NA,NA,NA
97,"2019-10-07 09:11:13-03","UEFS","HUEFS","240276","PreservedSpecimen","Plantae","Asteranae","Asterales","Asteraceae","Blanchetia","heterotricha","Blanchetia heterotricha","DC.","Projeto Abelhas",1998,5,24,NA,"Brasil","Estação da EDBA.",-39.145278,-12.793056,"39W8'43''","12S47'35''",NA,"HUEFS0240276","HUEFS0240276 HUEFS0240276_e1","Angiospermae","M.Alves","9","Bahia",NA,2018,"Conceição do Almeida",NA,NA,11,217,217,NA,NA,NA,NA,NA,NA
98,"2019-10-07 09:11:13-03","UEFS","HUEFS","2464","PreservedSpecimen","Plantae","Asteranae","Asterales","Asteraceae","Blanchetia","heterotricha","Blanchetia heterotricha","DC.","Noblick, L.R.",1983,4,25,NA,"Brasil","Campos da UESF.",-38.966667,-12.25,"38W58'","12S15'",NA,"HUEFS0002464","HUEFS0002464","Angiospermae",NA,"2684","Bahia",NA,NA,"Feira de Santana",NA,NA,NA,NA,NA,NA,NA,NA,NA,NA,NA
102,"2019-10-07 09:11:13-03","UEFS","HUEFS","25954","PreservedSpecimen","Plantae","Asteranae","Asterales","Asteraceae","Blanchetia","heterotricha","Blanchetia heterotricha","DC.","Bautista, H.P.",1996,7,6,NA,"Brasil","Barracão de Cima.",-40.533333,-11.016667,"40W32'","11S1'","Vegetação perturbada em áreas de agricultura abandanadas.","HUEFS0025954","HUEFS0025954","Angiospermae",NA,"PCD3456","Bahia",NA,NA,"Jacobina",NA,NA,NA,632,632,NA,NA,NA,NA,NA,NA
103,"2019-10-07 09:11:13-03","UEFS","HUEFS","26452","PreservedSpecimen","Plantae","Asteranae","Asterales","Asteraceae","Blanchetia","heterotricha","Blanchetia heterotricha","DC.","Melo, E.",1997,2,22,NA,"Brasil","Morro da garrafa.",-39.856667,-12.755,"39W51'24''","12S45'18''","Orla interna da mata da base.","HUEFS0026452","HUEFS0026452","Angiospermae","F.França","2046","Bahia",NA,1997,"Iaçu",NA,NA,5,280,280,NA,NA,NA,NA,NA,NA
106,"2019-10-07 09:11:13-03","UEFS","HUEFS","4743","PreservedSpecimen","Plantae","Asteranae","Asterales","Asteraceae","Blanchetia","heterotricha","Blanchetia heterotricha","DC.","Noblick, L.R.",1985,7,5,NA,"Brasil",NA,-39.166667,-15.933333,"39W10'","15S56'",NA,"HUEFS0004743","HUEFS0004743","Angiospermae",NA,"3970","Bahia",NA,NA,"Dom Macedo Costa",NA,NA,NA,NA,NA,NA,NA,NA,NA,NA,NA
107,"2019-10-07 09:11:13-03","UEFS","HUEFS","4438","PreservedSpecimen","Plantae","Asteranae","Asterales","Asteraceae","Blanchetia","heterotricha","Blanchetia heterotricha","DC.","Noblick, L.R.",1985,3,13,NA,"Brasil",NA,-40.116667,-12.716667,"40W7'","12S43'",NA,"HUEFS0004438","HUEFS0004438","Angiospermae",NA,"3664","Bahia",NA,NA,"Iaçu",NA,NA,NA,NA,NA,NA,NA,NA,NA,NA,NA
109,"2019-10-07 09:11:13-03","UEFS","HUEFS","44885","PreservedSpecimen","Plantae","Asteranae","Asterales","Asteraceae","Blanchetia","heterotricha","Blanchetia heterotricha","DC.","França, F.",2000,5,4,NA,"Brasil","Mata da bica.",-38.765556,-12.570278,"38W45'56''","12S34'13''","Mata de encosta antropizada.","HUEFS0044885","HUEFS0044885","Angiospermae","D.J.N.Hind & H.P.Bautista","3328","Bahia",NA,2000,"Santo Amaro",NA,NA,9,55,55,NA,NA,NA,NA,NA,NA
111,"2019-10-07 09:11:13-03","UEFS","HUEFS","58051","PreservedSpecimen","Plantae","Asteranae","Asterales","Asteraceae","Blanchetia","heterotricha","Blanchetia heterotricha","DC.","Bautista, H.P.",2001,4,10,NA,"Brasil","Serra da Paciência.",-40.379167,-10.693056,"40W22'45''","10S41'35''","Arbustiva.","HUEFS0058051","HUEFS0058051","Angiospermae",NA,"3117","Bahia",NA,NA,"Pindobaçu",NA,NA,NA,1200,1200,NA,NA,NA,NA,NA,NA
112,"2019-10-07 09:11:13-03","UEFS","HUEFS","52178","PreservedSpecimen","Plantae","Asteranae","Asterales","Asteraceae","Blanchetia","heterotricha","Blanchetia heterotricha","DC.","Ribeiro-Filho, A.A.",2001,2,14,NA,"Brasil","Serra da Jibóia, à margem da estrada da Serra da Pioneira.",-39.466667,-12.833333,"39W28'","12S50'","Mata de altitude.","HUEFS0052178","HUEFS0052178","Angiospermae","H.P.Bautista","180","Bahia",NA,2001,"Santa Terezinha",NA,NA,5,NA,NA,NA,NA,NA,NA,NA,NA
116,"2019-10-07 09:11:13-03","UEFS","HUEFS","80192","PreservedSpecimen","Plantae","Asteranae","Asterales","Asteraceae","Blanchetia","heterotricha","Blanchetia heterotricha","DC.","Brito, A.F.",2010,1,NA,NA,"Brasil",NA,-39.858611,-12.906389,"39W51'31''","12S54'23''","Caatinga Arbustiva.","HUEFS0080192","HUEFS0080192","Angiospermae",NA,"62","Bahia",NA,NA,"Milagres",NA,NA,NA,NA,NA,NA,NA,NA,NA,NA,NA
117,"2019-10-07 09:11:13-03","UEFS","HUEFS","96327","PreservedSpecimen","Plantae","Asteranae","Asterales","Asteraceae","Blanchetia","heterotricha","Blanchetia heterotricha","DC.","Melo, E.",2005,6,5,NA,"Brasil","Fazenda Itaberaba. Morro de Itiberaba. Sítio com pinturas.",-40.082222,-12.499167,"40W4'56''","12S29'57''","Ápice do inselberg.","HUEFS0096327","HUEFS0096327","Angiospermae","J.M.Gonçalves","3939","Bahia",NA,2005,"Itaberaba",NA,NA,10,200,200,NA,NA,NA,NA,NA,NA
118,"2019-10-07 09:11:13-03","UEFS","HUEFS","98157","PreservedSpecimen","Plantae","Asteranae","Asterales","Asteraceae","Blanchetia","heterotricha","Blanchetia heterotricha","DC.","Carvalho, P.D.",2005,7,29,NA,"Brasil","Carrapichel.",-40.156389,-10.379722,"40W9'23''","10S22'47''",NA,"HUEFS0098157","HUEFS0098157","Angiospermae","H.A.Ogasawara","139","Bahia",NA,2013,"Senhor do Bonfim",NA,NA,1,538,538,NA,NA,NA,NA,NA,NA
119,"2019-10-07 09:11:13-03","UEFS","HUEFS","98802","PreservedSpecimen","Plantae","Asteranae","Asterales","Asteraceae","Blanchetia","heterotricha","Blanchetia heterotricha","DC.","Melo, E.",2005,7,4,NA,"Brasil","Campus da UEFS.",-38.966667,-12.183333,"38W58'","12S11'",NA,"HUEFS0098802","HUEFS0098802","Angiospermae","J.M.Gonçalves","3957","Bahia",NA,2005,"Feira de Santana",NA,NA,10,230,230,NA,NA,NA,NA,NA,NA
120,"2019-10-07 09:11:13-03","UEFS","HUEFS","112904","PreservedSpecimen","Plantae","Asteranae","Asterales","Asteraceae","Blanchetia","heterotricha","Blanchetia heterotricha","DC.","Moraes, A.O.",2006,8,25,NA,"Brasil",NA,-40.773056,-11.703611,"40W46'23''","11S42'13''",NA,"HUEFS0112904","HUEFS0112904","Angiospermae","S.C.Ferreira","258","Bahia",NA,2008,"Morro do Chapéu",NA,NA,3,260,260,NA,NA,NA,NA,NA,NA
121,"2019-10-07 09:11:13-03","UEFS","HUEFS","111684","PreservedSpecimen","Plantae","Asteranae","Asterales","Asteraceae","Blanchetia","heterotricha","Blanchetia heterotricha","DC.","Souza-Silva, R.F.",2006,4,12,NA,"Brasil","Base da Serra da Fumaça. Próximo ao rio.",-40.341944,-10.511667,"40W20'31''","10S30'42''","Mata.","HUEFS0111684","HUEFS0111684","Angiospermae","D.J.N.Hind","137","Bahia",NA,2013,"Pindobaçu",NA,NA,10,492,492,NA,NA,NA,NA,NA,NA
124,"2019-10-07 09:11:13-03","UEFS","HUEFS","160059","PreservedSpecimen","Plantae","Asteranae","Asterales","Asteraceae","Blanchetia","heterotricha","Blanchetia heterotricha","DC.","Carvalho-Sobrinho, J.G.de",2010,2,27,NA,"Brasil","Fazenda Boa Vista 1.",-38.084400177002,-11.9419002532959,NA,NA,"Mata ombrófila densa secundária. Solo arenoso.","HUEFS0160059","HUEFS0160059","Angiospermae","R.C.R.C.Batista","2682","Bahia",NA,2012,"Entre Rios",52418,"auto",6,NA,NA,NA,NA,NA,NA,NA,NA
125,"2020-02-28 17:21:16-03","UESB","HUESB","3807","S","Plantae",NA,NA,"Asteraceae","Blanchetia","heterotricha","Blanchetia heterotricha","DC.","Carneiro-Torres, D.S.; F.França, DBCerqueir; A.Godinho.; F.França, DBCerqueir; A.Godinho.",2005,8,22,NA,"Brasil","Tobias Barreto, Sentido Riachão do Dantas, próximo a comunidade Borda da mata.",-37.908889,-12.366667,"-37.908889","-12.366667","Doação.; Arbusto ca. 1,5 m alt. Folhas papiráceas, discolores face abaxial cinérea. Flores brancas com lacínios lilás.; Solo argiloso com afloramento de arenito. Vegetação arbustiva.","HUESB000003807",NA,"Dicotyledoneae","W.O. Fonseca","444","Bahia",NA,2018,NA,NA,NA,2,NA,NA,NA,NA,NA,NA,28,NA
131,"2019-07-11 10:05:29-03","ESALQ","ESA","91123","S","Plantae",NA,NA,"Asteraceae","Blanchetia","heterotricha","Blanchetia heterotricha","DC.","Paula-Souza, J.; Ferrucci, M.S.; Rando, J.G.; Tsuji, R.",2005,2,5,NA,"Brasil","Fazenda Santo Antônio, entrando pela rodovia Iaçu-Milagres. Lajedo na caatinga",-40.0975,-12.806944,"-40.0975","-12.806944","Arbusto, 50cm alt. Flores róseas","ESA091123","ESA091123","Magnoliophyta","Loeuille, B.","5486","Bahia",NA,2011,"Iaçu",NA,NA,NA,280,280,NA,NA,NA,NA,NA,NA
138,"2020-03-11 09:00:15-03","URCA","HCDAL","7394","PreservedSpecimen","Plantae",NA,NA,"Asteraceae","Blanchetia","heterotricha","Blanchetia heterotricha","DC.","Félix, L.P.; Miranda, A.M.; Semir, J.; Perreira, R.",1998,6,11,NA,"Brasil","Gravatá, Serra da Russa, Pernambuco, municipio de Serra da Russa.",-35.5647010803223,-8.20110988616943,NA,NA,"Subarbusto ca. 60cm; flores alvas.",NA,NA,NA,"Barros, R.","8395","Pernambuco",NA,2001,"Gravatá",19146,"auto",9,NA,NA,NA,NA,NA,NA,21,NA
142,"2018-12-03 11:05:50-02","CEPLAC","CEPEC","153175","S","Plantae",NA,NA,"Asteraceae","Blanchetia","heterotricha","Blanchetia heterotricha",NA,"Schulte, T.F.",2016,2,22,NA,"Brasil","Conglomerado BA_899-2-10-7RN",-39.604722,-13.030278,"39W36'17","13S1'49","<ll>dwc_commonname:</ll>",NA,NA,NA,"C. Pessoa","66","Bahia",NA,NA,"AMARGOSA",NA,NA,NA,NA,NA,NA,NA,NA,NA,NA,"20/6/2017"
143,"2018-12-03 11:05:50-02","CEPLAC","CEPEC","153592","S","Plantae",NA,NA,"Asteraceae","Blanchetia","heterotricha","Blanchetia heterotricha",NA,"Santos, E.A.",2016,2,17,NA,"Brasil","Conglomerado BA_855_P19-3-2-H",-39.523333,-12.771944,"39W31'24","12S46'19","<ll>dwc_commonname:</ll>",NA,NA,NA,"C. Pessoa","1189","Bahia",NA,NA,"SANTA TEREsINHA",NA,NA,NA,NA,NA,NA,NA,NA,NA,NA,"20/6/2017"
144,"2018-12-03 11:05:50-02","CEPLAC","CEPEC","37919","S","Plantae",NA,NA,"Asteraceae","Blanchetia","heterotricha","Blanchetia heterotricha",NA,"L. C. de O. Filho",1984,4,4,NA,"Brasil","A 14Km de Maracas, Pé de Serra.",-40.033333,-13.483333,"40W2'0","13S29'0","<ll>dwc_commonname:</ll> Catinga-de-criola, maria-preta",NA,NA,NA,"J. D. C. A. Ferreira","148","Bahia",NA,NA,"MARACÁS",NA,NA,NA,NA,NA,NA,NA,NA,NA,NA,"24/10/1984"
146,"2018-12-03 11:05:50-02","CEPLAC","CEPEC","40024","S","Plantae",NA,NA,"Asteraceae","Blanchetia","heterotricha","Blanchetia heterotricha",NA,"L. R. Noblick",1992,5,7,NA,"Brasil","Faz. Mocambo.",-39.166667,-12.933333,"39W10'","12S56'",NA,NA,NA,NA,"L. R. Noblick","3970","Bahia",NA,NA,"DOM MACEDO COSTA",NA,NA,NA,NA,NA,NA,NA,NA,NA,NA,"30/12/1985"
150,"2018-12-03 11:05:50-02","CEPLAC","CEPEC","73490","S","Plantae",NA,NA,"Asteraceae","Blanchetia","heterotricha","Blanchetia heterotricha",NA,"M. M. Arbo",1997,1,14,NA,"Brasil","5Km NE de da cidade, caminho a São Filipe.",-39.133333,-12.883333,"39W8'","12S53'",NA,NA,NA,NA,"H. A. Ogasawara","7197","Bahia",NA,NA,"DOM MACEDO COSTA",NA,NA,NA,NA,NA,NA,NA,NA,NA,NA,"30/04/2013"
163,"2018-12-03 11:05:50-02","CEPLAC","CEPEC","13404","S","Plantae",NA,NA,"Asteraceae","Blanchetia","heterotricha","Blanchetia heterotricha",NA,"S. A. Mori",1978,3,5,NA,"Brasil","Km 10 ao W na estrada Pocoes/Bom Jesus da Serra (BR-116) .",-40.3652992248535,-14.5297002792358,"0W0'0","0S0'0",NA,NA,NA,NA,"H. Robinson","9515","Bahia",NA,NA,"POÇÕES",31357,"auto",NA,NA,NA,NA,NA,NA,NA,NA,"01/08/1979"
168,"2018-12-03 11:05:50-02","CEPLAC","CEPEC","54965","S","Plantae",NA,NA,"Asteraceae","Blanchetia","heterotricha","Blanchetia heterotricha",NA,"A. M. de Carvalho",1992,2,19,NA,"Brasil","Ramal a 15Km na estrada Conquista/Ilheus.",-40.8394012451172,-14.8661003112793,NA,NA,NA,NA,NA,NA,"J. Pruski","3803","Bahia",NA,NA,"VITÓRIA DA CONQUISTA",70493,"auto",NA,NA,NA,NA,NA,NA,NA,NA,"30/12/1992"
172,"2019-11-29 10:32:08-03","Fapesp","SINBIOTA","172250006","HumanObservation","Animalia","Mammalia",NA,"Cervidae","Blastocerus","dichotomus","Blastocerus dichotomus",NA,"CESP (1990) - RIMA; Equipe Técnica do DEPRN de Araçatuba¹.",NA,NA,NA,"South America","Brazil",NA,-50.966701,-20.866699,"-50.966701","-20.866699","CESP: Cia Energética de São Paulo. Usina Hidrelétrica Três Irmãos. Pereira Barreto (SP), 1990 (RIMA); Equipe Técnica do Departamento Estadual de Proteção de Recursos Naturais (DEPRN) de Araçatuba.",NA,NA,"Chordata",NA,NA,"SP",NA,NA,"Pereira Barreto",NA,NA,NA,NA,NA,NA,NA,NA,NA,NA,NA
173,"2019-11-29 10:32:08-03","Fapesp","SINBIOTA","172260006","HumanObservation","Animalia","Mammalia",NA,"Cervidae","Blastocerus","dichotomus","Blastocerus dichotomus",NA,"CESP (1990) - RIMA; Equipe Técnica do DEPRN de Araçatuba¹.",NA,NA,NA,"South America","Brazil",NA,-50.833301,-20.983299,"-50.833301","-20.983299","CESP: Cia Energética de São Paulo. Usina Hidrelétrica Três Irmãos. Pereira Barreto (SP), 1990 (RIMA); Equipe Técnica do Departamento Estadual de Proteção de Recursos Naturais (DEPRN) de Araçatuba.",NA,NA,"Chordata",NA,NA,"SP",NA,NA,"Valparaíso",NA,NA,NA,NA,NA,NA,NA,NA,NA,NA,NA
174,"2019-11-29 10:32:08-03","Fapesp","SINBIOTA","172490006","HumanObservation","Animalia","Mammalia",NA,"Cervidae","Blastocerus","dichotomus","Blastocerus dichotomus",NA,"CESP (1990) - RIMA; Equipe Técnica do DEPRN de Araçatuba¹.",NA,NA,NA,"South America","Brazil",NA,-51.099998,-20.983299,"-51.099998","-20.983299","CESP: Cia Energética de São Paulo. Usina Hidrelétrica Três Irmãos. Pereira Barreto (SP), 1990 (RIMA); Equipe Técnica do Departamento Estadual de Proteção de Recursos Naturais (DEPRN) de Araçatuba.",NA,NA,"Chordata",NA,NA,"SP",NA,NA,"Mirandópolis",NA,NA,NA,NA,NA,NA,NA,NA,NA,NA,NA
175,"2019-11-29 10:32:08-03","Fapesp","SINBIOTA","172500011","HumanObservation","Animalia","Mammalia",NA,"Cervidae","Blastocerus","dichotomus","Blastocerus dichotomus",NA,"CESP (1990) - RIMA; Equipe Técnica do DEPRN de Araçatuba¹.",NA,NA,NA,"South America","Brazil",NA,-51.099998,-20.8167,"-51.099998","-20.8167","CWESP: Cia Energética de São Paulo. Usina Hidrelétrica Três Irmãos. Pereira barreto (SP), 1990 (RIMA); Equipe Técnica do Departamento Estadual de Proteção de Recursos Naturais (DEPRN) de Araçatuba.",NA,NA,"Chordata",NA,NA,"SP",NA,NA,"Pereira Barreto",NA,NA,NA,NA,NA,NA,NA,NA,NA,NA,NA
176,"2019-11-29 10:32:08-03","Fapesp","SINBIOTA","172770001","HumanObservation","Animalia","Mammalia",NA,"Cervidae","Blastocerus","dichotomus","Blastocerus dichotomus",NA,"Prof. Dr. José M. B. Duarte (Com. pess. 15/12/2003); AES (2001) - RIMA; Equipe Técnica do DEPRN de São Carlos¹.",NA,NA,NA,"South America","Brazil",NA,-48.5667,-22.016701,"-48.5667","-22.016701","Prof. Dr. José M. B. Duarte. Departamento de Zoologia - UNESP Jaboticabal (Com. pess. 15/12/2003); AES Termo Bariri Ltda. MRS - Estudos Ambientais Ltda. Usina Termelétrica Bariri - 750MW. Bariri, 2001(RIMA); Equipe Técnica do Departamento de Proteção dos",NA,NA,"Chordata",NA,NA,"SP",NA,NA,"Bocaina",NA,NA,NA,NA,NA,NA,NA,NA,NA,NA,NA
177,"2019-11-29 10:32:08-03","Fapesp","SINBIOTA","186190001","HumanObservation","Animalia","Mammalia",NA,"Cervidae","Blastocerus","dichotomus","Blastocerus dichotomus",NA,"MZUSP",NA,NA,NA,"South America","Brazil","Ribeirão São Jerônimo",-50.049999,-21.201099,"-50.049999","-21.201099",NA,NA,NA,"Chordata",NA,NA,"SP",NA,NA,"Zacarias",NA,NA,NA,NA,NA,NA,NA,NA,NA,NA,NA
185,"2019-11-19 15:43:18-03","UNEB","HUNEB",NA,"PreservedSpecimen","Plantae","Dicotyledoneae","Florideophycidae","Asteraceae","Blanchetia","heterotricha","Blanchetia heterotricha","D.C.","Santos, C.P.",2011,11,25,NA,"Brasil",NA,-38.353099822998,-11.7843999862671,NA,NA,NA,NA,NA,"Angiospermae",NA,"46","Bahia",NA,NA,"Inhambupe",34892,"auto",NA,NA,NA,NA,NA,NA,NA,NA,NA
188,"2019-11-19 15:43:18-03","UNEB","HUNEB","13709","PreservedSpecimen","Plantae","Dicotyledoneae","Florideophycidae","Asteraceae","Blanchetia","heterotricha","Blanchetia heterotricha","D.C.","Batista, R.C.R.C",2012,4,20,NA,"Brasil",NA,-38.3278007507324,-12.4306001663208,NA,NA,NA,"HUNEB0013709",NA,"Angiospermae",NA,"53","Bahia",NA,NA,"Pojuca",27760,"auto",NA,NA,NA,NA,NA,NA,NA,NA,NA
189,"2019-10-09 11:10:02-03","UFBA","ALCB","04243","PreservedSpecimen","Plantae",NA,NA,"Asteraceae","Blanchetia","heterotricha","Blanchetia heterotricha","DC.","Costa, AL",1962,11,2,"Southern America","Brasil","Recôncavo Sul, Oliveira de Campinho",-38.7,-12.533333,"-38.7","-12.533333",NA,NA,NA,"Dicotyledon",NA,"s/n","Bahia",NA,NA,"Santo Amaro",NA,NA,NA,NA,NA,NA,NA,NA,NA,NA,NA
190,"2019-10-09 11:10:02-03","UFBA","ALCB","021478","PreservedSpecimen","Plantae",NA,NA,"Asteraceae","Blanchetia","heterotricha","Blanchetia heterotricha","DC.","Gusmão, EF de",1975,4,26,"Southern America","Brasil","Sudoeste",-40.833333,-14.85,"-40.833333","-14.85",NA,NA,NA,"Dicotyledon","Hind, DJN","s/n","Bahia",NA,1991,"Vitória da Conquista",NA,NA,12,NA,NA,NA,NA,NA,NA,NA,NA
192,"2019-10-09 11:10:02-03","UFBA","ALCB","024370","PreservedSpecimen","Plantae",NA,NA,"Asteraceae","Blanchetia","heterotricha","Blanchetia heterotricha","DC.","Guedes, ML",1993,2,28,"Southern America","Brasil","Sudoeste, Distrito de Itanagé",-41.833333,-13.633333,"-41.833333","-13.633333","folhas discolroes. Inflorescência em capítulos.",NA,NA,"Dicotyledon","Semir, J","2852","Bahia",NA,2010,"Livramento de Nossa Senhora",NA,NA,NA,NA,NA,NA,NA,NA,NA,NA,NA
193,"2019-10-09 11:10:02-03","UFBA","ALCB","027079","PreservedSpecimen","Plantae",NA,NA,"Asteraceae","Blanchetia","heterotricha","Blanchetia heterotricha","DC.","Amorim, AMA; Carvalho, AM de; Jardim, JG; Silva, JR",1993,2,21,"Southern America","Brasil","Piemonte da Diamantina, Estrada Jacobina-Itaitu, ca. de 22 km a partir da Sede do município.",-40.483333,-11.3,"-40.483333","-11.3","Folhas discolores, face ventral verde, dorsal acinzentada. Capítulos alvo-arroxeados. Frutos amarronzados.",NA,NA,"Dicotyledon","Rob., H","981","Bahia",NA,1993,"Jacobina",NA,NA,NA,NA,NA,NA,NA,NA,NA,NA,NA
198,"2019-10-09 11:10:02-03","UFBA","ALCB","04242","PreservedSpecimen","Plantae",NA,NA,"Asteraceae","Blanchetia","heterotricha","Blanchetia heterotricha","DC.","Pinto, GCP",1974,8,NA,"Southern America","Brasil","Recôncavo Sul",-39.1,-12.666667,"-39.1","-12.666667","Muito ramificado.; Em campos abertos. Pastos degradados.",NA,NA,"Dicotyledon","Barroso, GM","42375","Bahia",NA,NA,"Cruz das Almas",NA,NA,NA,NA,NA,NA,NA,NA,NA,NA,NA
203,"2019-10-09 11:10:02-03","UFBA","ALCB","106431","PreservedSpecimen","Plantae",NA,NA,"Asteraceae","Blanchetia","heterotricha","Blanchetia heterotricha","DC.","Ogasawara, HA; Silva, MS",2012,10,18,"Southern America","Brasil","Recôncavo Sul, Serra da Jibóia, Reserva Jequitibá",-39.479444,-12.873333,"-39.479444","-12.873333","ca. 1,60m alt. Folhas discolores; brácteas involucrais verdes; corola rósea a alva; ramos do estilete lilases e anteras roxas; pápus creme.",NA,NA,"Dicotyledon","Ogasawara, HA","277","Bahia",NA,2012,"Elísio Medrado",NA,NA,10,574,574,NA,NA,NA,NA,NA,NA
204,"2019-10-09 11:10:02-03","UFBA","ALCB","127652","PreservedSpecimen","Plantae",NA,NA,"Asteraceae","Blanchetia","heterotricha","Blanchetia heterotricha","DC.","Staudt, MG; Amorim, VO; Gandara, A",2015,6,16,"Southern America","Brasil","Rio Ventura. Saída do Ventura para Santa Úrsula.",-41.000278,-11.676111,"-41.000278","-11.676111","ca. 1,5 m alt. Folhas discolores. Brácteas involucrais verdes, corola branca, estilete lilás.; Borda da mata. Solo argilo-arenoso.","ALCB044794",NA,"Dicotyledon","Staudt, MG","36","Bahia",NA,2015,"Morro do Chapéu",NA,NA,6,726,726,NA,NA,NA,NA,NA,NA
205,"2019-10-09 11:10:02-03","UFBA","ALCB","129661","PreservedSpecimen","Plantae",NA,NA,"Asteraceae","Blanchetia","heterotricha","Blanchetia heterotricha","DC.","Costa, G; Alves, T; Vieira, G; Souza, J",2017,6,20,"Southern America","Brasil","Lajedo da Igreja.",-39.545556,-12.945278,"-39.545556","-12.945278","Capítuos acastanhados.; Afloramento rochoso.","ALCB047245","ALCB047245","Dicotyledon","Fonseca, GV","2506","Bahia",NA,2017,"Elísio Medrado",NA,NA,11,NA,NA,NA,NA,NA,NA,17,NA
207,"2019-10-09 11:10:02-03","UFBA","ALCB","134765","PreservedSpecimen","Plantae",NA,NA,"Asteraceae","Blanchetia","heterotricha","Blanchetia heterotricha","DC.","Souza, BCJ; Costa, BA; Silva, SRB; Carvalho, CJ",NA,NA,NA,"Southern America","Brasil","Lajedo da Porangaba.",-40.255556,-14.321111,"-40.255556","-14.321111","Arbusto; Folhas verdes, levemente discolores; Flores com pétalas lilás e sépalas verdes; Vegetação encontrada no Bioma Caatinga - vegetação de afloramento rochoso, rodeado por mata de cipó.","ALCB060284","ALCB060284","Dicotyledon",NA,"16","Bahia",NA,NA,"Boa Nova",NA,NA,NA,903,903,NA,NA,NA,NA,NA,NA
210,"2019-10-09 11:10:02-03","UFBA","ALCB","21010","PreservedSpecimen","Plantae",NA,NA,"Asteraceae","Blanchetia","heterotricha","Blanchetia heterotricha","DC.","Mattos Silva, LA; Hage, JL; Santos, EB dos",1988,4,6,"Southern America","Brasil","Sudoeste, Fazenda Espírito Santo. Ramal com entrada a 7 km do Sul de Poções, ladodireito, próximo ao Posto Atalaia-2. Sede da Fazenda, distante 3 km da Rodovia",-40.35,-14.516667,"-40.35","-14.516667","20 a 40 cm alt. Flores brancas. Coleta para análises.; Solo sílico-argiloso.",NA,NA,"Dicotyledon",NA,"2340","Bahia",NA,NA,"Poções",NA,NA,NA,770,770,NA,NA,NA,NA,NA,NA
212,"2019-10-09 11:10:02-03","UFBA","ALCB","52008","PreservedSpecimen","Plantae",NA,NA,"Asteraceae","Blanchetia","heterotricha","Blanchetia heterotricha","DC.","Vieira, DR",2010,2,10,"Southern America","Brasil","Recôncavo Sul, Murutuba",-38.95,-12.616667,"-38.95","-12.616667","80 cm alt., tomentoso. Folhas membranáceas, discolores. Flores amareladas.",NA,NA,"Dicotyledon","Dematteis, M","01","Bahia",NA,2007,"Cachoeira",NA,NA,NA,NA,NA,NA,NA,NA,NA,NA,NA
217,"2019-10-09 11:10:02-03","UFBA","ALCB","65787","PreservedSpecimen","Plantae",NA,NA,"Asteraceae","Blanchetia","heterotricha","Blanchetia heterotricha","DC.","Guedes, ML; Alunos de Botânica III; Alunos de Botânica III",2004,4,4,"Southern America","Brasil","Piemonte da Diamantina, Ventura",-41.15,-11.55,"-41.15","-11.55","de ca 1m., caule com pêlos avermelhados. Folhas membranáceas, tomentosas. Flores liláses.; arbustiva-arbórea",NA,NA,"Dicotyledon","Roque, N","10968","Bahia",NA,2004,"Morro do Chapéu",NA,NA,4,NA,NA,NA,NA,NA,NA,NA,NA
219,"2019-10-09 11:10:02-03","UFBA","ALCB","69882","PreservedSpecimen","Plantae",NA,NA,"Asteraceae","Blanchetia","heterotricha","Blanchetia heterotricha","DC.","Costa, MA; Guedes, ML; Valadão, RM; Carvalho, G",2005,10,30,"Southern America","Brasil","Recôncavo Sul, Fazenda Acajú",-39.6,-13.016667,"-39.6","-13.016667","De 40cm. Folhas membranáceas discolores. Inflorescência capítulos de flores liláses.; Fazenda Acajú.",NA,NA,"Dicotyledon","Guedes, ML; Costa, MA","59","Bahia",NA,2006,"Amargosa",NA,NA,3,NA,NA,NA,NA,NA,NA,NA,NA
220,"2019-10-09 11:10:02-03","UFBA","ALCB","75935","PreservedSpecimen","Plantae",NA,NA,"Asteraceae","Blanchetia","heterotricha","Blanchetia heterotricha","DC.","Guedes, ML; Carvalho, G; Santos, JS; Valadão, RM",2006,12,23,"Southern America","Brasil","Piemonte da Diamantina, Entorno do Parque de Sete passagens. Mat Grosso. Algodões Ponto 230",-40.549444,-11.440833,"-40.549444","-11.440833","Folhas membranáceas, vilosas. Inflorescência capítulos com flores alvas.",NA,NA,"Dicotyledon","Guedes, ML","13286","Bahia",NA,2007,"Miguel Calmon",NA,NA,2,NA,NA,NA,NA,NA,NA,NA,NA
221,"2019-10-09 11:10:02-03","UFBA","ALCB","80859a","PreservedSpecimen","Plantae",NA,NA,"Asteraceae","Blanchetia","heterotricha","Blanchetia heterotricha","DC.","Mattos Andrade, PE de",2006,3,23,"Southern America","Brasil","Piemonte da Diamantina",-40.195278,-10.368056,"-40.195278","-10.368056","Ca. 4 m alt. Caule escuro e ramos mais claros. Folhas cartáceas discolores. Flores verdes.",NA,NA,"Dicotyledon","Moura, L","39","Bahia",NA,2012,"Senhor do Bonfim",NA,NA,6,NA,NA,NA,NA,NA,NA,NA,NA
224,"2019-10-09 11:10:02-03","UFBA","ALCB","102673","PreservedSpecimen","Plantae",NA,NA,"Asteraceae","Blanchetia","heterotricha","Blanchetia heterotricha","DC.","Moura, L; Vieira, TL; Stadnik, A",2011,9,22,"Southern America","Brasil","Piemonte da Diamantina, Fazenda Lajedinho, pé da Serra do Tombador",-40.698333,-11.258056,"-40.698333","-11.258056","ca. 1m, folhas discolores, brácteas involucrais marrons, papus creme.",NA,NA,"Dicotyledon","Moura, L","90","Bahia",NA,2012,"Jacobina",NA,NA,2,740,740,NA,NA,NA,NA,NA,NA
225,"2019-10-09 11:10:02-03","UFBA","ALCB","123366","PreservedSpecimen","Plantae",NA,NA,"Asteraceae","Blanchetia","heterotricha","Blanchetia heterotricha","DC.","Guedes, ML; Alunos de Botânica BIOC05",2016,3,12,"Southern America","Brasil","Ponto 7. margem do Rio Bonito.",-41.266667,-12.466667,"-41.266667","-12.466667","Folhas papiráceas, discolores, face abaxial com indumento lanoso, aromática. Inflorescência capítulos em botões, flores alvas.","ALCB010598","ALCB010598","Dicotyledon","Guedes, ML","24376","Bahia",NA,2016,"Wagner",NA,NA,4,600,600,NA,NA,NA,NA,NA,NA
226,"2019-10-09 11:10:02-03","UFBA","ALCB","134335","PreservedSpecimen","Plantae",NA,NA,"Asteraceae","Blanchetia","heterotricha","Blanchetia heterotricha","DC.","Guedes, ML; Lopes, EB",2018,10,4,"Southern America","Brasil","Recôncavo Sul, Fazenda do Sr. Getúlio, Margem do Rio Cai Camarão.",-38.083333,-12.6425,"-38.083333","-12.6425","Folhas membranáceas, discolores, face abaxial com indumento amarelado. Botões jovens.","ALCB059110","ALCB059110","Dicotyledon","Guedes, ML","31014","Bahia",NA,2019,"Varzedo",NA,NA,5,NA,NA,NA,NA,NA,NA,NA,NA
227,"2019-10-09 11:10:02-03","UFBA","ALCB","125218","PreservedSpecimen","Plantae",NA,NA,"Asteraceae","Blanchetia","heterotricha","Blanchetia heterotricha","DC.","Costa, G; Jardim, JG; Caiafa, A; Martins, MLL; et al.",2015,10,16,"Southern America","Brasil","Serra da Copioba.",-39.089444,-12.847222,"-39.089444","-12.847222","Capítulos marrons.","ALCB031013","ALCB031013","Dicotyledon","Guedes, ML","1545","Bahia",NA,2016,"São Filipe",NA,NA,10,NA,NA,NA,NA,NA,NA,NA,NA
228,"2019-10-09 11:10:02-03","UFBA","ALCB","129693","PreservedSpecimen","Plantae",NA,NA,"Asteraceae","Blanchetia","heterotricha","Blanchetia heterotricha","DC.","Fonseca, GV; Fonseca, WO; Correia, FR; Santana, CR",2017,8,23,"Southern America","Brasil","Serra da Jibóia.",-39.487778,-12.844167,"-39.487778","-12.844167","flores rosas no ápice da corola, tubo da vorola branco, estilete dífido.","ALCB047310","ALCB047310","Dicotyledon","Fonseca, GV","48","Bahia",NA,2018,"Pedra Branca",NA,NA,3,NA,NA,NA,NA,NA,NA,NA,NA
237,"2019-10-09 11:10:02-03","UFBA","ALCB","102714","PreservedSpecimen","Plantae",NA,NA,"Asteraceae","Blanchetia","heterotricha","Blanchetia heterotricha","DC.","Moura, L; Borges, RL",2011,10,12,"Southern America","Brasil","Pousada Monte Azul",-41.3708000183105,-13.0052995681763,NA,NA,"c. 1m, ramos verdes com tricomas vináceos, folhas discolores, brácteas involucrais verdes com ápice vináceo, corola alva, anteras liláses, estilete alvo.",NA,NA,"Dicotyledon","Ogasawara, HA","121","Bahia",NA,2012,"Mucugê",52493,"auto",2,NA,NA,NA,NA,NA,NA,NA,NA
238,"2019-10-09 11:10:02-03","UFBA","ALCB","04243","PreservedSpecimen","Plantae",NA,NA,"Asteraceae","Blanchetia","heterotricha","Blanchetia heterotricha","DC.","Costa, AL",1962,9,3,"Southern America","Brasil","Recôncavo Sul",-38.7118988037109,-12.5466995239258,NA,NA,NA,NA,NA,"Dicotyledon",NA,"s/n","Bahia",NA,NA,"Santo Amaro",24929,"auto",NA,NA,NA,NA,NA,NA,NA,NA,NA
243,"2019-07-26 11:39:27-03","IPA","IPA","67762","S","Plantae",NA,NA,"Asteraceae","Blanchetia","heterotricha","Blanchetia heterotricha","DC.","Ferreira, C.",1997,5,23,"Southern America","Brasil","Borda da mata. Sítio Linda Aliança.",-36.5685997009277,-9.03028011322021,NA,NA,"Erva; flores alvas.","IPA0067762",NA,"Plantae","Rita Pereira","67762","Pernambuco",NA,2005,"Brejão",11596,"auto",10,NA,NA,NA,NA,NA,NA,17,NA
246,"2019-02-15 11:33:53-02","IPA","IPA","5090","S","Plantae",NA,NA,"Asteraceae","Blanchetia","heterotricha","Blanchetia heterotricha","DC.","Pickel, B.",1929,11,NA,"Southern America","Brasil","Fazenda do Sr. Notaro. Campo baixo.",-36.4928016662598,-8.89027976989746,NA,NA,NA,"IPA0005090",NA,"Plantae","O'Neill","2184","Pernambuco",NA,1934,"Garanhuns",21839,"auto",2,NA,NA,NA,NA,NA,NA,NA,NA
251,"2019-02-15 11:33:53-02","IPA","IPA","90058","S","Plantae",NA,NA,"Asteraceae","Blanchetia","heterotricha","Blanchetia heterotricha","DC.","Abreu, D.B.O.",2014,7,NA,"Southern America","Brasil","Chapada Diamantina, Comunidade Vale do Capão.",-41.5588989257812,-12.5289001464844,NA,NA,"Material em estudo para Dissertação de Mestrado - Universidade Federal do Oeste da Bahia, campus Barreiras.; Mata úmida / Cerrado /Caatinga","IPA0090058",NA,"Plantae","Rita Pereira","73","Bahia",NA,2014,"Palmeiras",20767,"auto",12,NA,NA,NA,NA,NA,NA,NA,NA
252,"2019-02-15 11:33:53-02","IPA","IPA","83417","S","Plantae",NA,NA,"Asteraceae","Blanchetia","heterotricha","Blanchetia heterotricha","DC.","Rodrigues, S.A.",NA,NA,NA,"Southern America","Brasil","Povoado Jacurici",-38.1833000183105,-10.7082996368408,NA,NA,"Planta arbustiva, inflorescência em capítulo, caule preto, flor branca com lilás, folhas simples.","IPA0083417",NA,"Plantae","Rita Pereira","13","Sergipe",NA,2016,"Poço Verde",23916,"auto",3,NA,NA,NA,NA,NA,NA,NA,NA
254,"2019-11-27 13:46:09-03","UFS","ASE","34038","PreservedSpecimen","Plantae",NA,NA,"Asteraceae","Blanchetia","heterotricha","Blanchetia heterotricha","D.C.","Almeida, ES",2014,4,7,"Southern America","Brasil",NA,-37.840556,-11.373333,"-37.840556","-11.373333","Subarbusto. Flor amarela. Coordenadas UTM: E (0630928m) N (8741181m). N° do conglomerado: 166, N° da subunidade: 1, N° da subparcela: 10, N° da árvore: 6R.","ASE0009835","ASE0009835","Magnoliophyta","Carregosa, T","173","Sergipe",NA,2015,"Tomar do Geru",NA,NA,6,NA,NA,NA,NA,NA,NA,1,NA
255,"2019-11-27 13:46:09-03","UFS","ASE","34079","PreservedSpecimen","Plantae",NA,NA,"Asteraceae","Blanchetia","heterotricha","Blanchetia heterotricha","D.C.","Almeida, ES",2014,9,20,"Southern America","Brasil","Solo arenoso.",-37.734222,-11.033222,"-37.734222","-11.033222","Arbusto, com flores brancas. Coordenadas em UTM do ponto central: E ( 0621259m) N ( 8781631m), n° do conglomerado: 147, n° da subunidade: 01, n° da subparcela : 2, n°da árvore: 2b.","ASE0009796","ASE0009796","Magnoliophyta","Carregosa, T","501","Sergipe",NA,2015,"Riachão do Dantas",NA,NA,6,NA,NA,NA,NA,NA,NA,9,NA
257,"2020-02-18 15:43:34-03","UFRB","HURB","18546","PreservedSpecimen","Plantae",NA,NA,"Asteraceae","Blanchetia","heterotricha","Blanchetia heterotricha","DC.","Costa, G.; M.Martins e alunos de Sistematica Vegetal 2018.1",2018,8,7,NA,"Brasil","Serra de São José do Aporã;",-39.175,-12.731389,"39º10'30W","12º43'53S",NA,"HURB000018546",NA,NA,NA,"3494","Bahia",NA,NA,"Muritiba",NA,NA,NA,NA,NA,NA,NA,NA,NA,NA,NA
260,"2020-02-18 15:43:34-03","UFRB","HURB","16284","PreservedSpecimen","Plantae",NA,NA,"Asteraceae","Blanchetia","heterotricha","Blanchetia heterotricha","DC.","Fonseca, G.V.; Fonseca, W.O.; Correia, F.R & Santana, C.R.",2017,8,23,NA,"Brasil","Serra da Jibóia;",-39.487879,-12.844182,"39º29'16,363W","12º50'39,0548S",NA,"HURB000016284",NA,NA,"G.V.Fonseca","48","Bahia",NA,2018,"Pedra Branca",NA,NA,3,NA,NA,NA,NA,NA,NA,NA,NA
261,"2020-02-18 15:43:34-03","UFRB","HURB","15596","PreservedSpecimen","Plantae",NA,NA,"Asteraceae","Blanchetia","heterotricha","Blanchetia heterotricha","DC.","Costa, G.; Correia, F.; Nonato, A.; Araujo, R.J. & Dias, L.",2017,7,7,NA,"Brasil","Serra da Penha;",-39.562778,-12.778056,"39º33'46W","12º46'41S",NA,"HURB000015596",NA,NA,"G.V.Fonseca","2592","Bahia",NA,2018,"Santa Terezinha",NA,NA,3,NA,NA,NA,NA,NA,NA,NA,NA
264,"2020-02-18 15:43:34-03","UFRB","HURB","6577","PreservedSpecimen","Plantae",NA,NA,"Asteraceae","Blanchetia","heterotricha","Blanchetia heterotricha","DC.","Aona, L.Y.S.",2013,9,26,NA,"Brasil","Comunidade Grande Vale do Rio Doce; Serra da Bacânia",-39.535667,-12.663278,"39°32'08,4 W","12°39'47,8 S","Etnobotânica.","HURB000006577",NA,NA,"B.Louille","3206","Bahia",NA,2015,"Santa Teresinha",NA,NA,5,NA,NA,NA,NA,NA,NA,NA,NA
265,"2020-02-18 15:43:34-03","UFRB","HURB","8420","PreservedSpecimen","Plantae",NA,NA,"Asteraceae","Blanchetia","heterotricha","Blanchetia heterotricha","DC.","Ribeiro, P.L.; turma de Agonomia 2013.2",2014,2,11,NA,"Brasil","Vale do Capão; trilha para a Cachoeira do Rio Preto",-41.525778,-12.604778,"41°31'32,8W","12°36'17,2S",NA,"HURB000008420",NA,NA,"G.V.Fonseca & M.Alves","585","Bahia",NA,2018,"Palmeiras",NA,NA,3,NA,NA,NA,NA,NA,NA,NA,NA
266,"2020-02-18 15:43:34-03","UFRB","HURB","18456","PreservedSpecimen","Plantae",NA,NA,"Asteraceae","Blanchetia","heterotricha","Blanchetia heterotricha","DC.","Costa, G.; Rocha, M. & Ribeiro, L.",2018,6,28,NA,"Brasil","Povoado de Rio Seco;",-39.603889,-12.670556,"39º36'14W","12º40'14S",NA,"HURB000018456",NA,NA,"G.V.Fonseca","3449","Bahia",NA,2018,"Santa Terezinha",NA,NA,8,NA,NA,NA,NA,NA,NA,NA,NA
270,"2020-02-18 15:43:34-03","UFRB","HURB","22539","PreservedSpecimen","Plantae",NA,NA,"Asteraceae","Blanchetia","heterotricha","Blanchetia heterotricha","DC.","Dias, N.O.; Sampaio, M.R. & Aona, L.Y.S.",2018,12,12,NA,"Brasil",NA,-39.4282989501953,-12.7656002044678,NA,NA,NA,"HURB000022539",NA,NA,NA,"1","Bahia",NA,NA,"Castro Alves",26883,"auto",NA,NA,NA,NA,NA,NA,NA,NA,NA
271,"2020-02-18 15:43:34-03","UFRB","HURB","3447","PreservedSpecimen","Plantae",NA,NA,"Asteraceae","Blanchetia","heterotricha","Blanchetia heterotricha","DC.","Costa, G.; Conceição, S.F.; Fonseca, W.O. & Alcântara, J.A.C.",2012,2,15,NA,"Brasil",NA,-39.1925010681152,-12.9049997329712,NA,NA,NA,"HURB000003447",NA,NA,"B. Loeuille","628","Bahia",NA,2012,"Dom Macedo Costa",9803,"auto",5,NA,NA,NA,NA,NA,NA,28,NA
274,"2020-02-18 15:45:51-03","UFRB","HURB","853","PreservedSpecimen","Plantae",NA,NA,"Asteraceae","Blanchetia","heterotricha","Blanchetia heterotricha","DC.","PAFC; Melo, P.A. de; Mara e Roberto",2008,10,24,NA,"Brasil","Caongi;",-38.9557991027832,-12.6183004379272,NA,NA,"Apis visitando. <ll>dwc_commonname:</ll> caatinga de criola","HURB000000853",NA,"Anthophyta",NA,"44","Bahia",NA,NA,"Cachoeira",26884,"auto",NA,NA,NA,NA,NA,NA,NA,NA,NA
285,"2020-02-18 15:43:34-03","UFRB","HURB","17989","PreservedSpecimen","Plantae",NA,NA,"Asteraceae","Blanchetia","heterotricha","Blanchetia heterotricha","DC.","Fonseca, G.V.; Araújo, R & Nonato, A.",2018,4,11,NA,"Brasil","Margem do lago",-39.2613983154297,-12.9688997268677,NA,NA,NA,"HURB000017989",NA,NA,NA,"183","Bahia",NA,NA,"Santo Antonio de Jesus",16527,"auto",NA,NA,NA,NA,NA,NA,NA,NA,NA
288,"2020-02-18 15:43:34-03","UFRB","HURB","18414","PreservedSpecimen","Plantae",NA,NA,"Asteraceae","Blanchetia","heterotricha","Blanchetia heterotricha","DC.","Costa, G.; Martins, M.L.L.; Luz, P. & Carvalho, A.",2018,7,17,NA,"Brasil","Serra do Jatobá;",-39.8588981628418,-12.8699998855591,NA,NA,NA,"HURB000018414",NA,NA,"G.V.Fonseca","3414","Bahia",NA,2018,"Milagres",24432,"auto",12,NA,NA,NA,NA,NA,NA,4,NA
290,"2014-11-06 16:16:37-02","UFPB","EAN","6913","S","Plantae",NA,NA,"Asteraceae","Blanchetia","heterotricha","Blanchetia heterotricha","DC.",NA,1992,4,16,NA,"Brasil","Serra do Tombador",-40.5183,-11.1806,NA,NA,NA,NA,NA,NA,"R. Barros","4833","Bahia",NA,2002,"Jacobina",62396,"auto",6,NA,NA,NA,NA,NA,NA,10,NA
291,"2014-11-06 16:16:37-02","UFPB","EAN","1273","S","Plantae",NA,NA,"Asteraceae","Blanchetia","heterotricha","Blanchetia heterotricha","DC.",NA,1955,2,4,NA,"Brasil","Cultivada em casas pobres",-35.2278,-7.74167,NA,NA,"Subarbustiva .",NA,NA,NA,NA,NA,"Pernambuco",NA,NA,"Nazaré da Mata",9456,"auto",NA,NA,NA,NA,NA,NA,NA,NA,NA
295,"2020-02-20 10:24:06-03","UFRPE","HST","1611","PreservedSpecimen","Plantae",NA,NA,"Asteraceae","Blanchetia","heterotricha","Blanchetia heterotricha","DC.","G.Teixeira",1965,2,17,NA,"Brasil",NA,-35.3266983032227,-7.65693998336792,NA,NA,"Subarbusto com flores alvas e perfumadas. Odor semelhante ao da erva cidreira.","HST001611",NA,NA,"B.Leonille","2607","Pernambuco",NA,2015,"Vicência",21084,"auto",4,NA,NA,NA,NA,NA,NA,NA,NA
297,"2019-08-02 10:21:07-03","CPATSA","HTSA","4951","PreservedSpecimen","Plantae",NA,NA,"Asteraceae","Blanchetia","heterotricha","Blanchetia heterotricha","DC.","Ribeiro, T.; Bautista, H.P.; Jesus, N.G. & Tourinho, R.",2001,4,5,NA,"Brasil","entre a Fazenda Pé de Serra e, o riacho do Caldeirão.",-40.928889,-11.6875,"-40.928889","-11.6875","Subarbusto ereto; perfumado. Folhas semi-papiráceas. Utilizada na forma de chá para estômago.; Arbórea semi-caducifolia.",NA,NA,NA,"Bautista, H.P.","133","Bahia",NA,2001,"Miguel Calmon",NA,NA,4,820,820,NA,NA,NA,NA,NA,NA
298,"2019-08-02 10:21:07-03","CPATSA","HTSA","4976","PreservedSpecimen","Plantae",NA,NA,"Asteraceae","Blanchetia","heterotricha","Blanchetia heterotricha","DC.","Bautista, H.P.; Jesus, N.G. & Tourinho, R.",2001,4,10,NA,"Brasil","Serra da Paciência.",-40.642222,-11.158611,"-40.642222","-11.158611","Arbusto perfumado. Folhas papiráceas, discolores, face abaxial grísea. Flores alvas, filária verde. Substrato pedregoso.; Arbustiva.",NA,NA,NA,"Bautista, H.P.","3117","Bahia",NA,2001,"Pindobaçu",NA,NA,4,1200,1200,NA,NA,NA,NA,NA,NA
300,"2020-03-06 14:23:03-03","UFRGS","ICN","125153","S","Plantae",NA,NA,"Asteraceae","Blanchetia","heterotricha","Blanchetia heterotricha","DC.","Almeida, RB",2002,11,7,"América do Sul","Brasil","Fazenda Cupioba a 300m do curral à esquerda",-39.0144004821777,-13.0349998474121,NA,NA,NA,NA,NA,"Dicotyledon","Bautista, HP","4","BA",NA,2002,"Nazaré",22488,"auto",12,NA,NA,NA,NA,NA,NA,3,NA
301,"2014-09-23 11:01:00-03","G","G-DC","G00464298","S","Plantae",NA,NA,"Asteraceae","Blanchetia","heterotricha","Blanchetia heterotricha","DC.","Blanchet, J. S.",NA,NA,NA,"AMERIQUE DU SUD","Brazil",NA,-41.99722222,-12.18305556,"-41.99722222","-12.18305556","Coordinate uncertainty: Precision at the level of departement/region Image URL: No picture available on the institution's web site","G00464298",NA,NA,"CAT.HERB.PRODR.","312","Bahia",NA,2013,NA,NA,NA,1,NA,NA,"HOLOTYPUS of Blanchetia heterotricha DC.",NA,NA,NA,1,NA
