"record_id","modified","institutionCode","collectionCode","catalogNumber","basisOfRecord","kingdom","order","family","genus","specificEpithet","scientificName","year","month","day","country","stateProvince","county","locality","decimalLongitude","decimalLatitude","coordinatePrecision","geoFlag","phylum","class","individualCount","occurrenceRemarks","recordedBy","continentOcean","verbatimLongitude","verbatimLatitude","sex","scientificNameAuthorship","preparationType","recordNumber","fieldNumber","infraspecificEpithet","identifiedBy","yearIdentified","monthIdentified","dayIdentified","minimumElevationInMeters","maximumElevationInMeters","previousCatalogNumber","relationshipType"
"1","2017-12-05 15:17:23-02","PUCRS","MCP-MAMIFEROS","2112","S","Animalia","Carnivora","Canidae","Chrysocyon","brachyurus","Chrysocyon brachyurus","1983","07","20","Brasil","Rio Grande do Sul","Sapucaia do Sul","Zoológico","-51.1483001708984","-29.8246994018555","7291","auto",NA,NA,NA,NA,NA,NA,NA,NA,NA,NA,NA,NA,NA,NA,NA,NA,NA,NA,NA,NA,NA,NA
"2","2017-12-05 15:17:23-02","PUCRS","MCP-MAMIFEROS","2110","S","Animalia","Carnivora","Canidae","Chrysocyon","brachyurus","Chrysocyon brachyurus","1983","07","20","Brasil","Rio Grande do Sul","Sapucaia do Sul","Zoológico","-51.1483001708984","-29.8246994018555","7291","auto",NA,NA,NA,NA,NA,NA,NA,NA,NA,NA,NA,NA,NA,NA,NA,NA,NA,NA,NA,NA,NA,NA
"3","2017-12-05 15:17:23-02","PUCRS","MCP-MAMIFEROS","2111","S","Animalia","Carnivora","Canidae","Chrysocyon","brachyurus","Chrysocyon brachyurus","1983","07","20","Brasil","Rio Grande do Sul","Sapucaia do Sul","Zoológico","-51.1483001708984","-29.8246994018555","7291","auto",NA,NA,NA,NA,NA,NA,NA,NA,NA,NA,NA,NA,NA,NA,NA,NA,NA,NA,NA,NA,NA,NA
"4","2006-01-12 00:00:00-02","Fundación Puerto Rastrojo <U+0096>- Colômbia","FPR-COLOMBIA","4917","O","Animalia","Carnivora","Canidae","Chrysocyon","brachyurus","Chrysocyon brachyurus",NA,NA,NA,"Colombia","Meta","Puerto Concordia","Río Ariari afluente Río Guaviare","-72.75","2.58333333333333",NA,NA,"Chordata","Mammalia","1","Lista actualizada de los mamíferos de Colombia : Anotaciones sobre su Distribución CUERVO DIAZ, Alicia;HERNANDEZ CAMACHO, Jorge I.;CADENA G., Alberto",NA,NA,NA,NA,NA,NA,NA,NA,NA,NA,NA,NA,NA,NA,NA,NA,NA,NA
"5","2006-01-12 00:00:00-02","Fundación Puerto Rastrojo <U+0096>- Colômbia","FPR-COLOMBIA","4918","O","Animalia","Carnivora","Canidae","Chrysocyon","brachyurus","Chrysocyon brachyurus",NA,NA,NA,"Colombia","Vichada","Santa Rita","El Tuparro","-68.225","4.97166666666667",NA,NA,"Chordata","Mammalia","1","Lista actualizada de los mamíferos de Colombia : Anotaciones sobre su Distribución CUERVO DIAZ, Alicia;HERNANDEZ CAMACHO, Jorge I.;CADENA G., Alberto",NA,NA,NA,NA,NA,NA,NA,NA,NA,NA,NA,NA,NA,NA,NA,NA,NA,NA
"6","2019-11-29 10:32:05-03","Fapesp","SINBIOTA","8770003","HumanObservation","Animalia",NA,"Canidae","Chrysocyon","brachyurus","Chrysocyon brachyurus",NA,NA,NA,"Brazil","SP","Luís Antônio","Estação Ecológia de Jataí","-47.799999","-21.5833",NA,NA,"Chordata","Mammalia",NA,"IDEM, 1998. 'Mamíferos da Estação Ecológica de Jataí, Luiz Antonio, São Paulo . Papéis Avulsos de Zool., S. Paulo 40 (17):267-287. Museu de Zoologia d aUniversidade de São Paulo","Luciane H. Gargaglioni, Marcelo E. Batalhão, Marina J. Lapenta, Marisa F. carvalho, Rogério V. Rossi, Vanessa P. Veruli","South America","-47.799999","-21.5833",NA,NA,NA,NA,NA,NA,NA,NA,NA,NA,NA,NA,NA,NA
"7","2019-11-29 10:32:05-03","Fapesp","SINBIOTA","172970006","HumanObservation","Animalia",NA,"Canidae","Chrysocyon","brachyurus","Chrysocyon brachyurus",NA,NA,NA,"Brazil","SP","Bom Sucesso de Itararé",NA,"-49.116699","-24.233299",NA,NA,"Chordata","Mammalia",NA,"Prof. Dr. José M. B. Duarte. Departamento de Zoologia - UNESP Jaboticabal (Com. pess. 15/12/2003). Equipe Técnica do Departamento Estadual de Proteção de Recursos Naturais (DEPRN) de Itapetininga.","Prof. Dr. José M. B. Duarte (Com. pess. 15/12/2003) e Equipe Técnica do DEPRN de Itapetininga¹.","South America","-49.116699","-24.233299",NA,NA,NA,NA,NA,NA,NA,NA,NA,NA,NA,NA,NA,NA
"8","2019-11-29 10:32:05-03","Fapesp","SINBIOTA","104460002","HumanObservation","Animalia",NA,"Canidae","Chrysocyon","brachyurus","Chrysocyon brachyurus",NA,NA,NA,"Brazil","SP","Itirapina","pastagem, Fazenda Santa Elisa, propriedade do Sr. Marcos Minatel","-47.699101","-22.2862",NA,NA,"Chordata","Mammalia",NA,"Dotta, Graziela. 2005. Diversidade de mamíferos de médio e grande porte em relação à paisagem da bacia do Rio Passa-Cinco, São Paulo. Universidade de São Paulo, Piracicaba, SP.","Graziela Dotta","South America","-47.699101","-22.2862",NA,NA,NA,NA,NA,NA,NA,NA,NA,NA,NA,NA,NA,NA
"9","2019-11-29 10:32:05-03","Fapesp","SINBIOTA","225680005","HumanObservation","Animalia",NA,"Canidae","Chrysocyon","brachyurus","Chrysocyon brachyurus",NA,NA,NA,"Brazil","SP","Paraibuna","Os dados foram coletados na zona rural do município, em até 2mil metros ao redor do ponto de GPS, por meio de 10 questionários estruturados (reg. par01).","-45.6474214642","-23.310955143",NA,NA,"Chordata","Mammalia",NA,NA,"Camila Alvez Islas","South America","-45.6474214642","-23.310955143",NA,NA,NA,NA,NA,NA,NA,NA,NA,NA,NA,NA,NA,NA
"10","2019-11-29 10:32:05-03","Fapesp","SINBIOTA","225770007","HumanObservation","Animalia",NA,"Canidae","Chrysocyon","brachyurus","Chrysocyon brachyurus",NA,NA,NA,"Brazil","SP","São Luís do Paraitinga","Os dados foram coletados na zona rural do município, em até 2mil metros ao redor do ponto de GPS, por meio de 10 questionários estruturados (reg. slp03).","-45.178482915","-23.282516915",NA,NA,"Chordata","Mammalia",NA,NA,"Camila Alvez Islas","South America","-45.178482915","-23.282516915",NA,NA,NA,NA,NA,NA,NA,NA,NA,NA,NA,NA,NA,NA
"11","2019-11-29 10:32:05-03","Fapesp","SINBIOTA","225800007","HumanObservation","Animalia",NA,"Canidae","Chrysocyon","brachyurus","Chrysocyon brachyurus",NA,NA,NA,"Brazil","SP","São Luís do Paraitinga","Os dados foram coletados na zona rural do município, em até 2mil metros ao redor do ponto de GPS, por meio de 10 questionários estruturados (reg. slp08).","-45.2719599187","-23.2232252625",NA,NA,"Chordata","Mammalia",NA,NA,"Camila Alvez Islas","South America","-45.2719599187","-23.2232252625",NA,NA,NA,NA,NA,NA,NA,NA,NA,NA,NA,NA,NA,NA
"12","2019-11-29 10:32:05-03","Fapesp","SINBIOTA","104420002","HumanObservation","Animalia",NA,"Canidae","Chrysocyon","brachyurus","Chrysocyon brachyurus",NA,NA,NA,"Brazil","SP","Itirapina","canavial fazenda Paraíso II, arrendada pela Usina Iracema","-47.7635","-22.264",NA,NA,"Chordata","Mammalia",NA,"Dotta, Graziela. 2005. Diversidade de mamíferos de médio e grande porte em relação à paisagem da bacia do Rio Passa-Cinco, São Paulo. Universidade de São Paulo, Piracicaba, SP.","Graziela Dotta","South America","-47.7635","-22.264",NA,NA,NA,NA,NA,NA,NA,NA,NA,NA,NA,NA,NA,NA
"13","2019-11-29 10:32:05-03","Fapesp","SINBIOTA","104450003","HumanObservation","Animalia",NA,"Canidae","Chrysocyon","brachyurus","Chrysocyon brachyurus",NA,NA,NA,"Brazil","SP","Ipeúna","canavial, em frente a Fazenda Santo Antônio do Rochedo, propriedade do Sr. Alfredo Barthman","-47.764801","-22.4235",NA,NA,"Chordata","Mammalia",NA,"Dotta, Graziela. 2005. Diversidade de mamíferos de médio e grande porte em relação à paisagem da bacia do Rio Passa-Cinco, São Paulo. Universidade de São Paulo, Piracicaba, SP.","Graziela Dotta","South America","-47.764801","-22.4235",NA,NA,NA,NA,NA,NA,NA,NA,NA,NA,NA,NA,NA,NA
"14","2019-11-29 10:32:05-03","Fapesp","SINBIOTA","104500003","HumanObservation","Animalia",NA,"Canidae","Chrysocyon","brachyurus","Chrysocyon brachyurus",NA,NA,NA,"Brazil","SP","Itirapina","reflorestamento de eucalipto, Fazenda da Toca, propriedade do Sr. Abílio Diniz","-47.744801","-22.233",NA,NA,"Chordata","Mammalia",NA,"Dotta, Graziela. 2005. Diversidade de mamíferos de médio e grande porte em relação à paisagem da bacia do Rio Passa-Cinco, São Paulo. Universidade de São Paulo, Piracicaba, SP.","Graziela Dotta","South America","-47.744801","-22.233",NA,NA,NA,NA,NA,NA,NA,NA,NA,NA,NA,NA,NA,NA
"15","2019-11-29 10:32:05-03","Fapesp","SINBIOTA","104510003","HumanObservation","Animalia",NA,"Canidae","Chrysocyon","brachyurus","Chrysocyon brachyurus",NA,NA,NA,"Brazil","SP","Itirapina","reflorestamento de eucalipto, Fazenda Sinimbú, arrendada para RIPASA","-47.844398","-22.2987",NA,NA,"Chordata","Mammalia",NA,"Dotta, Graziela. 2005. Diversidade de mamíferos de médio e grande porte em relação à paisagem da bacia do Rio Passa-Cinco, São Paulo. Universidade de São Paulo, Piracicaba, SP.","Graziela Dotta","South America","-47.844398","-22.2987",NA,NA,NA,NA,NA,NA,NA,NA,NA,NA,NA,NA,NA,NA
"16","2019-11-29 10:32:05-03","Fapesp","SINBIOTA","104520002","HumanObservation","Animalia",NA,"Canidae","Chrysocyon","brachyurus","Chrysocyon brachyurus",NA,NA,NA,"Brazil","SP","Itirapina","reflorestamento de eucalipto, área arrendada para RIPASA","-47.870998","-22.326901",NA,NA,"Chordata","Mammalia",NA,"Dotta, Graziela. 2005. Diversidade de mamíferos de médio e grande porte em relação à paisagem da bacia do Rio Passa-Cinco, São Paulo. Universidade de São Paulo, Piracicaba, SP.","Graziela Dotta","South America","-47.870998","-22.326901",NA,NA,NA,NA,NA,NA,NA,NA,NA,NA,NA,NA,NA,NA
"17","2019-11-29 10:32:05-03","Fapesp","SINBIOTA","171250004","HumanObservation","Animalia",NA,"Canidae","Chrysocyon","brachyurus","Chrysocyon brachyurus",NA,NA,NA,"Brazil","SP","Promissão",NA,"-49.8167","-21.483299",NA,NA,"Chordata","Mammalia",NA,"IDEACO: Tecnologia Agricola, Agro Industrial e Alimentícia Ltda. Projeto de Assentamento. Fazenda Reunidas, Promissão (SP), 1989 (RIMA). Equipe Técnica do Departamento Estadual de Proteção dos Recursos Naturais (DEPRN) de Penápolis.","IDEACO (1989) - RIMA; Equipe Técnica do DEPRN de Penápolis¹.","South America","-49.8167","-21.483299",NA,NA,NA,NA,NA,NA,NA,NA,NA,NA,NA,NA,NA,NA
"18","2019-11-29 10:32:05-03","Fapesp","SINBIOTA","171260004","HumanObservation","Animalia",NA,"Canidae","Chrysocyon","brachyurus","Chrysocyon brachyurus",NA,NA,NA,"Brazil","SP","Promissão",NA,"-49.783299","-21.5",NA,NA,"Chordata","Mammalia",NA,"IDEACO: Tecnologia Agricola, Agro Industrial e Alimenticia Ltda. Projeto de Assentamento. Fazenda Reunidas, Promissão (SP), 1989 (RIMA); Equipe Técnica do Departamento Estadual de Proteção dos Recursos Naturais (DEPRN) de Penápolis.","IDEACO (1989) - RIMA; Equipe Técnica do DEPRN de Penápolis¹.","South America","-49.783299","-21.5",NA,NA,NA,NA,NA,NA,NA,NA,NA,NA,NA,NA,NA,NA
"19","2019-11-29 10:32:05-03","Fapesp","SINBIOTA","171290001","HumanObservation","Animalia",NA,"Canidae","Chrysocyon","brachyurus","Chrysocyon brachyurus",NA,NA,NA,"Brazil","SP","Rifaina",NA,"-47.349998","-20.1",NA,NA,"Chordata","Mammalia",NA,"Prof. Dr. José M. B. Duarte. Departamento de Zoologia - UNESP Jaboticabal (Com. pess. 15/12/2003). Equipe Técnica do Departamento Estadual de Proteção de Recursos Naturais (DEPRN) de Franca.","Prof. Dr. José M. B. Duarte (Com. pess. 15/12/2003) e Equipe Técnica do DEPRN de Franca¹.","South America","-47.349998","-20.1",NA,NA,NA,NA,NA,NA,NA,NA,NA,NA,NA,NA,NA,NA
"20","2019-11-29 10:32:05-03","Fapesp","SINBIOTA","171300001","HumanObservation","Animalia",NA,"Canidae","Chrysocyon","brachyurus","Chrysocyon brachyurus",NA,NA,NA,"Brazil","SP","Pedregulho",NA,"-47.283299","-20.2167",NA,NA,"Chordata","Mammalia",NA,"Prof. Dr. José M. B. Duarte. Departamento de Zoologia - UNESP Jaboticabal (Com. pess. 15/12/2003). Equipe Técnica do Departamento Estadual de Proteção de Recursos Naturais (DEPRN) de Franca.","Prof. Dr. José M. B. Duarte (Com. pess. 15/12/2003) e Equipe Técnica do DEPRN de Franca¹.","South America","-47.283299","-20.2167",NA,NA,NA,NA,NA,NA,NA,NA,NA,NA,NA,NA,NA,NA
"21","2019-11-29 10:32:05-03","Fapesp","SINBIOTA","171310001","HumanObservation","Animalia",NA,"Canidae","Chrysocyon","brachyurus","Chrysocyon brachyurus",NA,NA,NA,"Brazil","SP","Pedregulho",NA,"-47.299999","-20.200001",NA,NA,"Chordata","Mammalia",NA,"Prof. Dr. José M. B. Duarte. Departamento de Zoologia - UNESP Jaboticabal (Com. pess. 15/12/2003). Equipe Técnica do Departamento Estadual de Recursos Naturais (DEPRN) de Franca.","Prof. Dr. José M. B. Duarte (Com. pess. 15/12/2003) e Equipe Técnica do DEPRN de Franca¹.","South America","-47.299999","-20.200001",NA,NA,NA,NA,NA,NA,NA,NA,NA,NA,NA,NA,NA,NA
"22","2019-11-29 10:32:05-03","Fapesp","SINBIOTA","171320001","HumanObservation","Animalia",NA,"Canidae","Chrysocyon","brachyurus","Chrysocyon brachyurus",NA,NA,NA,"Brazil","SP","Buritizal",NA,"-47.666699","-20.133301",NA,NA,"Chordata","Mammalia",NA,"Prof. Dr. José M. B. Duarte. Departamento de Zoologia - UNESP Jaboticabal (Com. pess. 15/12/2003). Equipe Técnica do Departamento Estadual de Proteção de Recursos Naturais (DEPRN) de Franca.","Prof. Dr. José M. B. Duarte (Com. pess. 15/12/2003) e Equipe Técnica do DEPRN de Franca¹.","South America","-47.666699","-20.133301",NA,NA,NA,NA,NA,NA,NA,NA,NA,NA,NA,NA,NA,NA
"23","2019-11-29 10:32:05-03","Fapesp","SINBIOTA","171330001","HumanObservation","Animalia",NA,"Canidae","Chrysocyon","brachyurus","Chrysocyon brachyurus",NA,NA,NA,"Brazil","SP","Igarapava",NA,"-47.650002","-20.1",NA,NA,"Chordata","Mammalia",NA,"Prof. Dr. José M. B. Duarte. Departamento de Zoologia - UNESP Jaboticabal (Com. pess. 15/12/2003). Equipe Técnica do Departamento Estadual de Proteção de Recursos Naturais (DEPRN) de Franca.","Prof. Dr. José M. B. Duarte (Com. pess. 15/12/2003) e Equipe Técnica do DEPRN de Franca¹.","South America","-47.650002","-20.1",NA,NA,NA,NA,NA,NA,NA,NA,NA,NA,NA,NA,NA,NA
"24","2019-11-29 10:32:05-03","Fapesp","SINBIOTA","171370001","HumanObservation","Animalia",NA,"Canidae","Chrysocyon","brachyurus","Chrysocyon brachyurus",NA,NA,NA,"Brazil","SP","Novo Horizonte",NA,"-49.383301","-21.383301",NA,NA,"Chordata","Mammalia",NA,"Equipe Técnica do Departamento estadual de Proteção de recursos naturais (DEPRN) de São José do Rio Preto.","Equipe Técnica do DEPRN de São José do Rio Preto.","South America","-49.383301","-21.383301",NA,NA,NA,NA,NA,NA,NA,NA,NA,NA,NA,NA,NA,NA
"25","2019-11-29 10:32:05-03","Fapesp","SINBIOTA","171380001","HumanObservation","Animalia",NA,"Canidae","Chrysocyon","brachyurus","Chrysocyon brachyurus",NA,NA,NA,"Brazil","SP","Novo Horizonte",NA,"-49.349998","-21.35",NA,NA,"Chordata","Mammalia",NA,"Equipe Técnica do Departamento estadual de Proteção de recursos naturais (DEPRN) de São José do Rio Preto.","Equipe Técnica do DEPRN de São José do Rio Preto.","South America","-49.349998","-21.35",NA,NA,NA,NA,NA,NA,NA,NA,NA,NA,NA,NA,NA,NA
"26","2019-11-29 10:32:05-03","Fapesp","SINBIOTA","171390001","HumanObservation","Animalia",NA,"Canidae","Chrysocyon","brachyurus","Chrysocyon brachyurus",NA,NA,NA,"Brazil","SP","Irapuã",NA,"-49.3167","-21.3167",NA,NA,"Chordata","Mammalia",NA,"Equipe Técnica do Departamento estadual de Proteção de recursos naturais (DEPRN) de São José do Rio Preto.","Equipe Técnica do DEPRN de São José do Rio Preto.","South America","-49.3167","-21.3167",NA,NA,NA,NA,NA,NA,NA,NA,NA,NA,NA,NA,NA,NA
"27","2019-11-29 10:32:05-03","Fapesp","SINBIOTA","171400001","HumanObservation","Animalia",NA,"Canidae","Chrysocyon","brachyurus","Chrysocyon brachyurus",NA,NA,NA,"Brazil","SP","Novo Horizonte",NA,"-49.299999","-21.5333",NA,NA,"Chordata","Mammalia",NA,"Equipe Técnica do Departamento estadual de Proteção de recursos naturais (DEPRN) de São José do Rio Preto.","Equipe Técnica do DEPRN de São José do Rio Preto.","South America","-49.299999","-21.5333",NA,NA,NA,NA,NA,NA,NA,NA,NA,NA,NA,NA,NA,NA
"28","2019-11-29 10:32:05-03","Fapesp","SINBIOTA","171410001","HumanObservation","Animalia",NA,"Canidae","Chrysocyon","brachyurus","Chrysocyon brachyurus",NA,NA,NA,"Brazil","SP","Novo Horizonte",NA,"-49.283299","-21.5",NA,NA,"Chordata","Mammalia",NA,"Equipe Técnica do Departamento estadual de Proteção de recursos naturais (DEPRN) de São José do Rio Preto.","Equipe Técnica do DEPRN de São José do Rio Preto.","South America","-49.283299","-21.5",NA,NA,NA,NA,NA,NA,NA,NA,NA,NA,NA,NA,NA,NA
"29","2019-11-29 10:32:05-03","Fapesp","SINBIOTA","171420001","HumanObservation","Animalia",NA,"Canidae","Chrysocyon","brachyurus","Chrysocyon brachyurus",NA,NA,NA,"Brazil","SP","Igarapava",NA,"-47.599998","-20.116699",NA,NA,"Chordata","Mammalia",NA,"Prof. Dr. José M. B. Duarte. Departamento de Zoologia - UNESP Jaboticabal (Com. pess. 15/12/2003). Equipe Técnica do Departamento Estadual de Proteção de Recursos Naturais (DEPRN) de Franca.","Prof. Dr. José M. B. Duarte (Com. pess. 15/12/2003) e Equipe Técnica do DEPRN de Franca¹.","South America","-47.599998","-20.116699",NA,NA,NA,NA,NA,NA,NA,NA,NA,NA,NA,NA,NA,NA
"30","2019-11-29 10:32:05-03","Fapesp","SINBIOTA","171430001","HumanObservation","Animalia",NA,"Canidae","Chrysocyon","brachyurus","Chrysocyon brachyurus",NA,NA,NA,"Brazil","SP","Igarapava",NA,"-47.5667","-20.133301",NA,NA,"Chordata","Mammalia",NA,"Prof. Dr. José M. B. Duarte. Departamento de Zoologia - UNESP Jaboticabal (Com. pess. 15/12/2003). Equipe Técnica do Departamento Estadual de Proteção de Recursos Naturais (DEPRN) de Franca.","Prof. Dr. José M. B. Duarte (Com. pess. 15/12/2003) e Equipe Técnica do DEPRN de Franca¹.","South America","-47.5667","-20.133301",NA,NA,NA,NA,NA,NA,NA,NA,NA,NA,NA,NA,NA,NA
"31","2019-11-29 10:32:05-03","Fapesp","SINBIOTA","171490001","HumanObservation","Animalia",NA,"Canidae","Chrysocyon","brachyurus","Chrysocyon brachyurus",NA,NA,NA,"Brazil","SP","Nova Granada",NA,"-49.200001","-20.5333",NA,NA,"Chordata","Mammalia",NA,"Equipe Técnica do Departamento estadual de Proteção de recursos naturais (DEPRN) de São José do Rio Preto.","Equipe Técnica do DEPRN de São José do Rio Preto.","South America","-49.200001","-20.5333",NA,NA,NA,NA,NA,NA,NA,NA,NA,NA,NA,NA,NA,NA
"32","2019-11-29 10:32:05-03","Fapesp","SINBIOTA","171690002","HumanObservation","Animalia",NA,"Canidae","Chrysocyon","brachyurus","Chrysocyon brachyurus",NA,NA,NA,"Brazil","SP","Jaú",NA,"-48.400002","-22.133301",NA,NA,"Chordata","Mammalia",NA,"Equipe Técnica do Departamento Estadual de Proteção de Recursos Naturais (DEPRN) de São Carlos.","Equipe Técnica do DEPRN de São Carlos.","South America","-48.400002","-22.133301",NA,NA,NA,NA,NA,NA,NA,NA,NA,NA,NA,NA,NA,NA
"33","2019-11-29 10:32:05-03","Fapesp","SINBIOTA","171770002","HumanObservation","Animalia",NA,"Canidae","Chrysocyon","brachyurus","Chrysocyon brachyurus",NA,NA,NA,"Brazil","SP","Altinópolis",NA,"-47.333301","-21.016701",NA,NA,"Chordata","Mammalia",NA,"Equipe Técnica do Departamento Estadual de Proteção de Recursos Naturais (DEPRN) de Ribeirão Preto.","Equipe Técnica do DEPRN de Ribeirão Preto.","South America","-47.333301","-21.016701",NA,NA,NA,NA,NA,NA,NA,NA,NA,NA,NA,NA,NA,NA
"34","2019-11-29 10:32:05-03","Fapesp","SINBIOTA","171780002","HumanObservation","Animalia",NA,"Canidae","Chrysocyon","brachyurus","Chrysocyon brachyurus",NA,NA,NA,"Brazil","SP","Altinópolis",NA,"-47.400002","-21.049999",NA,NA,"Chordata","Mammalia",NA,"Equipe Técnica do Deparatmento Estadual de Proteção de Recursos Naturais (DEPRN) de Ribeirão Preto.","Equipe Técnica do DEPRN de Ribeirão Preto.","South America","-47.400002","-21.049999",NA,NA,NA,NA,NA,NA,NA,NA,NA,NA,NA,NA,NA,NA
"35","2019-11-29 10:32:05-03","Fapesp","SINBIOTA","171850002","HumanObservation","Animalia",NA,"Canidae","Chrysocyon","brachyurus","Chrysocyon brachyurus",NA,NA,NA,"Brazil","SP","Lençóis Paulista",NA,"-48.8167","-22.75",NA,NA,"Chordata","Mammalia",NA,"Equipe Técnica do Departamento Estadual de Proteção de Recursos Naturais (DEPRN) de Avaré.","Equipe Técnica do DEPRN de Avaré.","South America","-48.8167","-22.75",NA,NA,NA,NA,NA,NA,NA,NA,NA,NA,NA,NA,NA,NA
"36","2019-11-29 10:32:05-03","Fapesp","SINBIOTA","172080002","HumanObservation","Animalia",NA,"Canidae","Chrysocyon","brachyurus","Chrysocyon brachyurus",NA,NA,NA,"Brazil","SP","Platina",NA,"-50.200001","-22.5333",NA,NA,"Chordata","Mammalia",NA,"Prof. Dr. José M. B. Duarte. Departamento de Zoologia - UNESP Jaboticabal (Com. pess. 15/12/2003). Equipes Técnicas do Departamento Estadual de Proteção de Recursos Naturais (DEPRN) de Marília e Assis.","Prof. Dr. José M. B. Duarte (Com. pess. 15/12/2003) e Equipes Técnicas do DEPRN de Marília¹ e Assis.","South America","-50.200001","-22.5333",NA,NA,NA,NA,NA,NA,NA,NA,NA,NA,NA,NA,NA,NA
"37","2019-11-29 10:32:05-03","Fapesp","SINBIOTA","172100010","HumanObservation","Animalia",NA,"Canidae","Chrysocyon","brachyurus","Chrysocyon brachyurus",NA,NA,NA,"Brazil","SP","Ribeirão Bonito",NA,"-48.133301","-22.049999",NA,NA,"Chordata","Mammalia",NA,"Prof. Dr. José M. B. Duarte. Departamento de Zoologia - UNESP Jaboticabal (Com. pess. 15/12/2003); TOZETTI, A. M. Diversidade e padrões de atividade de mamíferos de médio e grande porte em diferentes fisionomias de Cerrado na Estação Ecológica de Itirapin","Prof. Dr. José M. B. Duarte (Com. pess. 15/12/2003); TOZETTI, A. M. (2002); MARINO et al. (2002); Equipe Técnica do DEPRN de São Carlos¹.","South America","-48.133301","-22.049999",NA,NA,NA,NA,NA,NA,NA,NA,NA,NA,NA,NA,NA,NA
"38","2019-11-29 10:32:05-03","Fapesp","SINBIOTA","172110001","HumanObservation","Animalia",NA,"Canidae","Chrysocyon","brachyurus","Chrysocyon brachyurus",NA,NA,NA,"Brazil","SP","Brotas",NA,"-48.016701","-22.1",NA,NA,"Chordata","Mammalia",NA,"Prof. Dr. José M. B. Duarte. Departamento de Zoologia - UNESP Jaboticabal (Com. pess. 15/12/2003); TOZETTI, A. M. Diversidade e padrões de atividade de mamíferos de médio e grande porte em diferentes fisionomias de Cerrado na Estação Ecológica de Itirapin","Prof. Dr. José M. B. Duarte (Com. pess. 15/12/2003); TOZETTI, A. M. (2002); MARINO et al. (2002); Equipe Técnica do DEPRN de São Carlos¹.","South America","-48.016701","-22.1",NA,NA,NA,NA,NA,NA,NA,NA,NA,NA,NA,NA,NA,NA
"39","2019-11-29 10:32:05-03","Fapesp","SINBIOTA","172120001","HumanObservation","Animalia",NA,"Canidae","Chrysocyon","brachyurus","Chrysocyon brachyurus",NA,NA,NA,"Brazil","SP","Ribeirão Bonito",NA,"-48.200001","-22.116699",NA,NA,"Chordata","Mammalia",NA,"Prof. Dr. José M. B. Duarte. Departamento de Zoologia - UNESP Jaboticabal (Com. pess. 15/12/2003); TOZETTI, A. M. Diversidade e padrões de atividade de mamíferos de médio e grande porte em diferentes fisionomias de Cerrado na Estação Ecológica de Itirapin","Prof. Dr. José M. B. Duarte (Com. pess. 15/12/2003); TOZETTI, A. M. (2002); MARINO et al. (2002); Equipe Técnica do DEPRN de São Carlos¹.","South America","-48.200001","-22.116699",NA,NA,NA,NA,NA,NA,NA,NA,NA,NA,NA,NA,NA,NA
"40","2019-11-29 10:32:05-03","Fapesp","SINBIOTA","172250008","HumanObservation","Animalia",NA,"Canidae","Chrysocyon","brachyurus","Chrysocyon brachyurus",NA,NA,NA,"Brazil","SP","Pereira Barreto",NA,"-50.966701","-20.866699",NA,NA,"Chordata","Mammalia",NA,"CESP: Cia Energética de São Paulo. Usina Hidrelétrica Três Irmãos. Pereira Barreto (SP), 1990 (RIMA); Equipe Técnica do Departamento Estadual de Proteção de Recursos Naturais (DEPRN) de Araçatuba.","CESP (1990) - RIMA; Equipe Técnica do DEPRN de Araçatuba¹.","South America","-50.966701","-20.866699",NA,NA,NA,NA,NA,NA,NA,NA,NA,NA,NA,NA,NA,NA
"41","2019-11-29 10:32:05-03","Fapesp","SINBIOTA","225810005","HumanObservation","Animalia",NA,"Canidae","Chrysocyon","brachyurus","Chrysocyon brachyurus",NA,NA,NA,"Brazil","SP","São Luís do Paraitinga","Os dados foram coletados na zona rural do município, em até 2mil metros ao redor do ponto de GPS, por meio de 10 questionários estruturados (reg. slp10).","-45.3663908819","-23.2002251166",NA,NA,"Chordata","Mammalia",NA,NA,"Camila Alvez Islas","South America","-45.3663908819","-23.2002251166",NA,NA,NA,NA,NA,NA,NA,NA,NA,NA,NA,NA,NA,NA
"42","2019-11-29 10:32:05-03","Fapesp","SINBIOTA","172260008","HumanObservation","Animalia",NA,"Canidae","Chrysocyon","brachyurus","Chrysocyon brachyurus",NA,NA,NA,"Brazil","SP","Valparaíso",NA,"-50.833301","-20.983299",NA,NA,"Chordata","Mammalia",NA,"CESP: Cia Energética de São Paulo. Usina Hidrelétrica Três Irmãos. Pereira Barreto (SP), 1990 (RIMA); Equipe Técnica do Departamento Estadual de Proteção de Recursos Naturais (DEPRN) de Araçatuba.","CESP (1990) - RIMA; Equipe Técnica do DEPRN de Araçatuba¹.","South America","-50.833301","-20.983299",NA,NA,NA,NA,NA,NA,NA,NA,NA,NA,NA,NA,NA,NA
"43","2019-11-29 10:32:05-03","Fapesp","SINBIOTA","172490008","HumanObservation","Animalia",NA,"Canidae","Chrysocyon","brachyurus","Chrysocyon brachyurus",NA,NA,NA,"Brazil","SP","Mirandópolis",NA,"-51.099998","-20.983299",NA,NA,"Chordata","Mammalia",NA,"CESP: Cia Energética de São Paulo. Usina Hidrelétrica Três Irmãos. Pereira Barreto (SP), 1990 (RIMA); Equipe Técnica do Departamento Estadual de Proteção de Recursos Naturais (DEPRN) de Araçatuba.","CESP (1990) - RIMA; Equipe Técnica do DEPRN de Araçatuba¹.","South America","-51.099998","-20.983299",NA,NA,NA,NA,NA,NA,NA,NA,NA,NA,NA,NA,NA,NA
"44","2019-11-29 10:32:05-03","Fapesp","SINBIOTA","172500013","HumanObservation","Animalia",NA,"Canidae","Chrysocyon","brachyurus","Chrysocyon brachyurus",NA,NA,NA,"Brazil","SP","Pereira Barreto",NA,"-51.099998","-20.8167",NA,NA,"Chordata","Mammalia",NA,"CWESP: Cia Energética de São Paulo. Usina Hidrelétrica Três Irmãos. Pereira barreto (SP), 1990 (RIMA); Equipe Técnica do Departamento Estadual de Proteção de Recursos Naturais (DEPRN) de Araçatuba.","CESP (1990) - RIMA; Equipe Técnica do DEPRN de Araçatuba¹.","South America","-51.099998","-20.8167",NA,NA,NA,NA,NA,NA,NA,NA,NA,NA,NA,NA,NA,NA
"45","2019-11-29 10:32:05-03","Fapesp","SINBIOTA","172530001","HumanObservation","Animalia",NA,"Canidae","Chrysocyon","brachyurus","Chrysocyon brachyurus",NA,NA,NA,"Brazil","SP","Agudos",NA,"-49.016701","-22.6",NA,NA,"Chordata","Mammalia",NA,"Prof. Dr. José M. B. Duarte. Departamento de Zoologia-UNESP Jaboticabal. (Com. pess. 15/12/2003); Equipe Técnica do Departamento Estadual de Proteção de Recursos Naturais (DEPRN) de Bauru.","Prof. Dr. José M. B. Duarte (Com. pess. 15/12/2003); Equipe Técnica do DEPRN de Bauru¹.","South America","-49.016701","-22.6",NA,NA,NA,NA,NA,NA,NA,NA,NA,NA,NA,NA,NA,NA
"46","2019-11-29 10:32:05-03","Fapesp","SINBIOTA","172560002","HumanObservation","Animalia",NA,"Canidae","Chrysocyon","brachyurus","Chrysocyon brachyurus",NA,NA,NA,"Brazil","SP","Bauru",NA,"-48.966701","-22.3167",NA,NA,"Chordata","Mammalia",NA,"Prof. Dr. José M. B. Duarte. Departamento de Zoologia-UNESP Jaboticabal. (Com. pess. 15/12/2003); Equipe Técnica do Departamento Estadual de Proteção de Recursos Naturais (DEPRN) de Bauru.","Prof. Dr. José M. B. Duarte (Com. pess. 15/12/2003); Equipe Técnica do DEPRN de Bauru¹.","South America","-48.966701","-22.3167",NA,NA,NA,NA,NA,NA,NA,NA,NA,NA,NA,NA,NA,NA
"47","2019-11-29 10:32:05-03","Fapesp","SINBIOTA","172570001","HumanObservation","Animalia",NA,"Canidae","Chrysocyon","brachyurus","Chrysocyon brachyurus",NA,NA,NA,"Brazil","SP","Icém",NA,"-49.216701","-20.4167",NA,NA,"Chordata","Mammalia",NA,"Departamento Estadual de Proteção de Recursos Naturais (DEPRN) de São José do Rio Preto.","Equipe Técnica do DEPRN de São José do Rio Preto.","South America","-49.216701","-20.4167",NA,NA,NA,NA,NA,NA,NA,NA,NA,NA,NA,NA,NA,NA
"48","2019-11-29 10:32:05-03","Fapesp","SINBIOTA","172580008","HumanObservation","Animalia",NA,"Canidae","Chrysocyon","brachyurus","Chrysocyon brachyurus",NA,NA,NA,"Brazil","SP","Igaratá",NA,"-46.0667","-23",NA,NA,"Chordata","Mammalia",NA,"Fazenda Mandala. [ on line ]. Disponível em URL: aultimaarcade noe.com.br/fazendamandala.htm. Arquivo consultado em 7/01/2002.","Fazenda Mandala. [ on line ]. Disponível em URL: aultimaarcadenoe.com.br/fazendamandala.htm.","South America","-46.0667","-23",NA,NA,NA,NA,NA,NA,NA,NA,NA,NA,NA,NA,NA,NA
"49","2019-11-29 10:32:05-03","Fapesp","SINBIOTA","172630001","HumanObservation","Animalia",NA,"Canidae","Chrysocyon","brachyurus","Chrysocyon brachyurus",NA,NA,NA,"Brazil","SP","Agudos",NA,"-48.916699","-22.5",NA,NA,"Chordata","Mammalia",NA,"Prof. Dr. José M. B. Duarte. Departamento de Zoologia - UNESP Jaboticabal (Com. pess. 15/12/2003). Equipe Técnica do Departamento Estadual de Proteção de Recursos Naturais (DEPRN) de Bauru.","Prof. Dr. José M. B. Duarte (Com. pess. 15/12/2003) e Equipe Técnica do DEPRN de Bauru¹.","South America","-48.916699","-22.5",NA,NA,NA,NA,NA,NA,NA,NA,NA,NA,NA,NA,NA,NA
"50","2019-11-29 10:32:05-03","Fapesp","SINBIOTA","172640001","HumanObservation","Animalia",NA,"Canidae","Chrysocyon","brachyurus","Chrysocyon brachyurus",NA,NA,NA,"Brazil","SP","Agudos",NA,"-48.900002","-22.4667",NA,NA,"Chordata","Mammalia",NA,"Prof. Dr. José M. B. Duarte. Departamento de Zoologia - UNESP Jaboticabal (Com. pess. 15/12/2003). Equipe Técnica do Departamento Estadual de Proteção de Recursos Naturais (DEPRN) de Bauru.","Prof. Dr. José M. B. Duarte (Com. pess. 15/12/2003) e Equipe Técnica do DEPRN de Bauru¹.","South America","-48.900002","-22.4667",NA,NA,NA,NA,NA,NA,NA,NA,NA,NA,NA,NA,NA,NA
"51","2019-11-29 10:32:05-03","Fapesp","SINBIOTA","172650001","HumanObservation","Animalia",NA,"Canidae","Chrysocyon","brachyurus","Chrysocyon brachyurus",NA,NA,NA,"Brazil","SP","Agudos",NA,"-48.900002","-22.4667",NA,NA,"Chordata","Mammalia",NA,"Prof. Dr. José M. B. Duarte. Departamento de Zoologia - UNESP Jaboticabal (Com. pess. 15/12/2003). Equipe Técnica do Departamento Estadual de Proteção de Recursos Naturais (DEPRN) de Bauru.","Prof. Dr. José M. B. Duarte (Com. pess. 15/12/2003) e Equipe Técnica do DEPRN de Bauru¹.","South America","-48.900002","-22.4667",NA,NA,NA,NA,NA,NA,NA,NA,NA,NA,NA,NA,NA,NA
"52","2019-11-29 10:32:05-03","Fapesp","SINBIOTA","172720003","HumanObservation","Animalia",NA,"Canidae","Chrysocyon","brachyurus","Chrysocyon brachyurus",NA,NA,NA,"Brazil","SP","Rincão",NA,"-47.900002","-21.6667",NA,NA,"Chordata","Mammalia",NA,"Prof. Dr. José M. B. Duarte. Departamento de Zoologia - UNESP Jaboticabal (Com. pess. 15/12/2003); CIA Votorantim de Celulose e papel. PROMON: EngenhariaS/A. Fabricação de papel e celulose. Rio Mogi-Guaçu, Luiz Antonio, 1991(RIMA); Estudos em áreas natura","Prof. Dr. José M. B. Duarte (Com. pess. 15/12/2003); Promon (1991) - RIMA; Estudos em áreas naturais fragmentadas [ on line ].¹","South America","-47.900002","-21.6667",NA,NA,NA,NA,NA,NA,NA,NA,NA,NA,NA,NA,NA,NA
"53","2019-11-29 10:32:05-03","Fapesp","SINBIOTA","172730003","HumanObservation","Animalia",NA,"Canidae","Chrysocyon","brachyurus","Chrysocyon brachyurus",NA,NA,NA,"Brazil","SP","São Carlos",NA,"-47.866699","-21.700001",NA,NA,"Chordata","Mammalia",NA,"Prof. Dr. José M. B. Duarte. Departamento de Zoologia - UNESP Jaboticabal (Com. pess. 15/12/2003); CIA Votorantim de Celulose e papel. PROMON: EngenhariaS/A. Fabricação de papel e celulose. Rio Mogi-Guaçu, Luiz Antonio, 1991(RIMA); Estudos em áreas natura","Prof. Dr. José M. B. Duarte (Com. pess. 15/12/2003); Promon (1991) - RIMA; Estudos em áreas naturais fragmentadas [ on line ]¹.","South America","-47.866699","-21.700001",NA,NA,NA,NA,NA,NA,NA,NA,NA,NA,NA,NA,NA,NA
"54","2019-11-29 10:32:05-03","Fapesp","SINBIOTA","172740001","HumanObservation","Animalia",NA,"Canidae","Chrysocyon","brachyurus","Chrysocyon brachyurus",NA,NA,NA,"Brazil","SP","Rincão",NA,"-47.916699","-21.65",NA,NA,"Chordata","Mammalia",NA,"CIA Votorantim de Celulose e papel. PROMON: EngenhariaS/A. Fabricação de papel e celulose. Rio Mogi-Guaçu, Luiz Antonio, 1991(RIMA); Estudos em áreas naturais fragmentadas. URL: http: www.lapa ufscar.br/portugues/fragmentos.htm(arquivo consultado em 02/02","Promon (1991) - RIMA; Estudos em áreas naturais fragmentadas [ on line ]¹.","South America","-47.916699","-21.65",NA,NA,NA,NA,NA,NA,NA,NA,NA,NA,NA,NA,NA,NA
"55","2019-11-29 10:32:05-03","Fapesp","SINBIOTA","172770003","HumanObservation","Animalia",NA,"Canidae","Chrysocyon","brachyurus","Chrysocyon brachyurus",NA,NA,NA,"Brazil","SP","Bocaina",NA,"-48.5667","-22.016701",NA,NA,"Chordata","Mammalia",NA,"Prof. Dr. José M. B. Duarte. Departamento de Zoologia - UNESP Jaboticabal (Com. pess. 15/12/2003); AES Termo Bariri Ltda. MRS - Estudos Ambientais Ltda. Usina Termelétrica Bariri - 750MW. Bariri, 2001(RIMA); Equipe Técnica do Departamento de Proteção dos","Prof. Dr. José M. B. Duarte (Com. pess. 15/12/2003); AES (2001) - RIMA; Equipe Técnica do DEPRN de São Carlos¹.","South America","-48.5667","-22.016701",NA,NA,NA,NA,NA,NA,NA,NA,NA,NA,NA,NA,NA,NA
"56","2019-11-29 10:32:05-03","Fapesp","SINBIOTA","172790001","HumanObservation","Animalia",NA,"Canidae","Chrysocyon","brachyurus","Chrysocyon brachyurus",NA,NA,NA,"Brazil","SP","Altinópolis",NA,"-47.466701","-21.1833",NA,NA,"Chordata","Mammalia",NA,"Prof. Dr. José M. B. Duarte. Departamento de Zoologia - UNESP Jaboticabal (Com. pess. 15/12/2003); Minergeo: Assesoria e Projetos em Geologia e Mineração Ltda. Extração de areia para construção civil. Leito do Rio Pardo, Serra Azul, 1991 (RIMA); ALBERTS,","Prof. Dr. José M. B. Duarte (Com. pess. 15/12/2003); Minergeo (1991) - RIMA; ALBERTS, C. C. (1985); Equipe Técnica do DEPRN de Ribeirão Preto¹.","South America","-47.466701","-21.1833",NA,NA,NA,NA,NA,NA,NA,NA,NA,NA,NA,NA,NA,NA
"57","2019-11-29 10:32:05-03","Fapesp","SINBIOTA","172820025","HumanObservation","Animalia",NA,"Canidae","Chrysocyon","brachyurus","Chrysocyon brachyurus",NA,NA,NA,"Brazil","SP","Anhembi",NA,"-48.1833","-22.65",NA,NA,"Chordata","Mammalia",NA,"Instituto de Biologia da Universidade de São Paulo (USP). [ on line ]. Disponível em URL: www.ib.usp.br/ceo/listaun/listabarric.html. Arquivo consultado em 05/11/2002; MARINO, L.; GOULARDINS, E.; BRUNO, O. Relatório Técnico Fragmentos 72 e 73 - Mapa 28 (D","Instituto de Biologia da USP (04/10/2002); MARINO et al ( 20/01/2002); Equipe Técnica do DEPRN de Botucatu¹.","South America","-48.1833","-22.65",NA,NA,NA,NA,NA,NA,NA,NA,NA,NA,NA,NA,NA,NA
"58","2019-11-29 10:32:05-03","Fapesp","SINBIOTA","172830025","HumanObservation","Animalia",NA,"Canidae","Chrysocyon","brachyurus","Chrysocyon brachyurus",NA,NA,NA,"Brazil","SP","Anhembi",NA,"-48.116699","-22.65",NA,NA,"Chordata","Mammalia",NA,"Instituto de Biologia da Universidade de São Paulo (USP). [ on line ]. Disponível em URL: www.ib.usp.br/ceo/listaun/listabarric.html. Arquivo consultado em 05/11/2002; MARINO, L.; GOULARDINS, E.; BRUNO, O. Relatório Técnico Fragmentos 72 e 73 - Mapa 28 (D","Instituto de Biologia da USP (04/10/2002); MARINO et al ( 20/01/2002); Equipe Técnica do DEPRN de Botucatu¹.","South America","-48.116699","-22.65",NA,NA,NA,NA,NA,NA,NA,NA,NA,NA,NA,NA,NA,NA
"59","2019-11-29 10:32:05-03","Fapesp","SINBIOTA","172850001","HumanObservation","Animalia",NA,"Canidae","Chrysocyon","brachyurus","Chrysocyon brachyurus",NA,NA,NA,"Brazil","SP","Cajuru",NA,"-47.450001","-21.1833",NA,NA,"Chordata","Mammalia",NA,"Prof. Dr. José M. B. Duarte. Departamento de Zoologia - UNESP Jaboticabal (Com. pess. 15/12/2003); Minergeo: Assesoria e Projetos em Geologia e Mineração Ltda. Extração de areia para construção civil. Leito do Rio Pardo, Serra Azul, 1991 (RIMA); ALBERTS,","Prof. Dr. José M. B. Duarte (Com. pess. 15/12/2003); Minergeo (1991) - RIMA; ALBERTS, C. C. (1985); Equipe Técnica do DEPRN de Ribeirão Preto¹.","South America","-47.450001","-21.1833",NA,NA,NA,NA,NA,NA,NA,NA,NA,NA,NA,NA,NA,NA
"60","2019-11-29 10:32:05-03","Fapesp","SINBIOTA","172890007","HumanObservation","Animalia",NA,"Canidae","Chrysocyon","brachyurus","Chrysocyon brachyurus",NA,NA,NA,"Brazil","SP","Tapiratiba",NA,"-46.783299","-30.516701",NA,NA,"Chordata","Mammalia",NA,"Prominer Projetos S/C Ltda. Lavra de bauxita para fabricação de aluminio.Rodovia Pocos/Andradas, Km. 10, Divinolandia - SP, 2002 (RIMA); Engevix: Engenharia S/A. Aproveitamento hidroelétrico do alto Rio Pardo, Usinas São José e Carrapatos. Alto Rio Pardo","Prominer Projetos S/C Ltda (2002) - RIMA; Engevix: Engenharia S/A (1992) - RIMA; Eqipe Técnica do DEPRN de São João da Boa Vista¹.","South America","-46.783299","-30.516701",NA,NA,NA,NA,NA,NA,NA,NA,NA,NA,NA,NA,NA,NA
"61","2019-11-29 10:32:05-03","Fapesp","SINBIOTA","172900007","HumanObservation","Animalia",NA,"Canidae","Chrysocyon","brachyurus","Chrysocyon brachyurus",NA,NA,NA,"Brazil","SP","Divinolândia",NA,"-46.733299","-21.6",NA,NA,"Chordata","Mammalia",NA,"Prominer Projetos S/C Ltda. Lavra de bauxita para fabricação de aluminio.Rodovia Pocos/Andradas, Km. 10, Divinolandia - SP, 2002 (RIMA); Engevix: Engenharia S/A. Aproveitamento hidroelétrico do alto Rio Pardo, Usinas São José e Carrapatos. Alto Rio Pardo","Prominer Projetos S/C Ltda (2002) - RIMA; Engevix: Engenharia S/A (1992) - RIMA; Eqipe Técnica do DEPRN de São João da Boa Vista¹.","South America","-46.733299","-21.6",NA,NA,NA,NA,NA,NA,NA,NA,NA,NA,NA,NA,NA,NA
"62","2019-11-29 10:32:05-03","Fapesp","SINBIOTA","172910007","HumanObservation","Animalia",NA,"Canidae","Chrysocyon","brachyurus","Chrysocyon brachyurus",NA,NA,NA,"Brazil","SP","São Sebastião da Grama",NA,"-46.700001","-21.7167",NA,NA,"Chordata","Mammalia",NA,"Prominer Projetos S/C Ltda. Lavra de bauxita para fabricação de aluminio.Rodovia Pocos/Andradas, Km. 10, Divinolandia - SP, 2002 (RIMA); Engevix: Engenharia S/A. Aproveitamento hidroelétrico do alto Rio Pardo, Usinas São José e Carrapatos. Alto Rio Pardo","Prominer Projetos S/C Ltda (2002) - RIMA; Engevix: Engenharia S/A (1992) - RIMA; Eqipe Técnica do DEPRN de São João da Boa Vista¹.","South America","-46.700001","-21.7167",NA,NA,NA,NA,NA,NA,NA,NA,NA,NA,NA,NA,NA,NA
"63","2019-11-29 10:32:05-03","Fapesp","SINBIOTA","172940001","HumanObservation","Animalia",NA,"Canidae","Chrysocyon","brachyurus","Chrysocyon brachyurus",NA,NA,NA,"Brazil","SP","Matão",NA,"-48.5","-21.5833",NA,NA,"Chordata","Mammalia",NA,"Prof. Dr. José M. B. Duarte. Departamento de Zoologia - UNESP Jaboticabal (Com. pess. 15/12/2003); RAZZA, A. F. Florística, Fitossociologia e Caracterização Sucessional em uma Floresta Estacional Semidecidual: Mata da Virgínia, Matão, SP. Campinas, 1997.","Prof. Dr. José M. B. Duarte (Com. pess. 15/12/2003); RAZZA (1997); Equipe Técnica do DEPRN de São Carlos¹.","South America","-48.5","-21.5833",NA,NA,NA,NA,NA,NA,NA,NA,NA,NA,NA,NA,NA,NA
"64","2019-11-29 10:32:05-03","Fapesp","SINBIOTA","172960005","HumanObservation","Animalia",NA,"Canidae","Chrysocyon","brachyurus","Chrysocyon brachyurus",NA,NA,NA,"Brazil","SP","Nova Campina",NA,"-48.883301","-24.133301",NA,NA,"Chordata","Mammalia",NA,"Prof. Dr. José M. B. Duarte. Departamento de Zoologia - UNESP Jaboticabal (Com. pess. 15/12/2003). Equipe Técnica do Departamento Estadual de Proteção de Recursos Naturais (DEPRN) de Itapetininga.","Prof. Dr. José M. B. Duarte (Com. pess. 15/12/2003) e Equipe Técnica do DEPRN de Itapetininga¹.","South America","-48.883301","-24.133301",NA,NA,NA,NA,NA,NA,NA,NA,NA,NA,NA,NA,NA,NA
"65","2019-11-29 10:32:05-03","Fapesp","SINBIOTA","172980006","HumanObservation","Animalia",NA,"Canidae","Chrysocyon","brachyurus","Chrysocyon brachyurus",NA,NA,NA,"Brazil","SP","Itararé",NA,"-49.200001","-24.233299",NA,NA,"Chordata","Mammalia",NA,"Prof. Dr. José M. B. Duarte. Departamento de Zoologia - UNESP Jaboticabal (Com. pess. 15/12/2003). Equipe Técnica do Departamento Estadual de Proteção de Recursos Naturais (DEPRN) de Itapetininga.","Prof. Dr. José M. B. Duarte (Com. pess. 15/12/2003) e Equipe Técnica do DEPRN de Itapetininga¹.","South America","-49.200001","-24.233299",NA,NA,NA,NA,NA,NA,NA,NA,NA,NA,NA,NA,NA,NA
"66","2019-11-29 10:32:05-03","Fapesp","SINBIOTA","172990004","HumanObservation","Animalia",NA,"Canidae","Chrysocyon","brachyurus","Chrysocyon brachyurus",NA,NA,NA,"Brazil","SP","Iperó",NA,"-47.666699","-23.4",NA,NA,"Chordata","Mammalia",NA,"Walter Lazzarini Consultoria Ambiental. Atividade de extração de areia José Aleixo Machado Iperó Ltda. Fazenda Sapetuba, Iperó, 1998 (RIMA); Equipe Técnica do Departamento Estadual de Proteção de Recursos Naturais (DEPRN) de Sorocaba.","Walter Lazzarini Consultoria Ambiental (1998) - RIMA; Equipe Técnica do DEPRN de Sorocaba¹.","South America","-47.666699","-23.4",NA,NA,NA,NA,NA,NA,NA,NA,NA,NA,NA,NA,NA,NA
"67","2019-11-29 10:32:05-03","Fapesp","SINBIOTA","173040015","HumanObservation","Animalia",NA,"Canidae","Chrysocyon","brachyurus","Chrysocyon brachyurus",NA,NA,NA,"Brazil","SP","Brotas",NA,"-48.233299","-22.25",NA,NA,"Chordata","Mammalia",NA,"ALMEIDA, M. E. C., VIELLIARD, J. M. E.; DIAS, M. M. Composição da avifauna em matas ciliares na bacia do Rio Jacaré-Pepira. São Paulo, Brasil. Rev. Bras. Zool. 16 (4): 1087-1098, 1999; GEOTEC Consultoria S/C Ltda. Duplicação da Rodovia Paulo Nilo Romano (","ALMEIDA, M. E. C. et al (1999); GEOTEC Consultoria S/C Ltda (2001) - RIMA.","South America","-48.233299","-22.25",NA,NA,NA,NA,NA,NA,NA,NA,NA,NA,NA,NA,NA,NA
"68","2019-11-29 10:32:05-03","Fapesp","SINBIOTA","173240006","HumanObservation","Animalia",NA,"Canidae","Chrysocyon","brachyurus","Chrysocyon brachyurus",NA,NA,NA,"Brazil","SP","Batatais",NA,"-47.616699","-20.883301",NA,NA,"Chordata","Mammalia",NA,NA,"MZUSP","South America","-47.616699","-20.883301",NA,NA,NA,NA,NA,NA,NA,NA,NA,NA,NA,NA,NA,NA
"69","2019-11-29 10:32:05-03","Fapesp","SINBIOTA","183380001","HumanObservation","Animalia",NA,"Canidae","Chrysocyon","brachyurus","Chrysocyon brachyurus",NA,NA,NA,"Brazil","SP","Bragança Paulista",NA,"-46.541901","-22.9186",NA,NA,"Chordata","Mammalia",NA,NA,"MZUSP","South America","-46.541901","-22.9186",NA,NA,NA,NA,NA,NA,NA,NA,NA,NA,NA,NA,NA,NA
"70","2019-11-29 10:32:05-03","Fapesp","SINBIOTA","184000002","HumanObservation","Animalia",NA,"Canidae","Chrysocyon","brachyurus","Chrysocyon brachyurus",NA,NA,NA,"Brazil","SP","Franca",NA,"-47.400799","-20.538601",NA,NA,"Chordata","Mammalia",NA,NA,"MZUSP","South America","-47.400799","-20.538601",NA,NA,NA,NA,NA,NA,NA,NA,NA,NA,NA,NA,NA,NA
"71","2019-11-29 10:32:05-03","Fapesp","SINBIOTA","18505000","HumanObservation","Animalia",NA,"Canidae","Chrysocyon","brachyurus","Chrysocyon brachyurus",NA,NA,NA,"Brazil","SP","Mogi Guaçu",NA,"-46.941898","-22.371901",NA,NA,"Chordata","Mammalia",NA,NA,"MZUSP","South America","-46.941898","-22.371901",NA,NA,NA,NA,NA,NA,NA,NA,NA,NA,NA,NA,NA,NA
"72","2019-11-29 10:32:05-03","Fapesp","SINBIOTA","185800001","HumanObservation","Animalia",NA,"Canidae","Chrysocyon","brachyurus","Chrysocyon brachyurus",NA,NA,NA,"Brazil","SP","Pirassununga",NA,"-47.4258","-21.996099",NA,NA,"Chordata","Mammalia",NA,NA,"MZUSP","South America","-47.4258","-21.996099",NA,NA,NA,NA,NA,NA,NA,NA,NA,NA,NA,NA,NA,NA
"73","2019-11-29 10:32:05-03","Fapesp","SINBIOTA","210530003","HumanObservation","Animalia",NA,"Canidae","Chrysocyon","brachyurus","Chrysocyon brachyurus",NA,NA,NA,"Brazil","SP","Angatuba","Fazenda Três Lagoas e Fazenda Arca","-48.462766","-23.344612",NA,NA,"Chordata","Mammalia",NA,NA,"Marina Cobra Lacôrte","South America","-48.462766","-23.344612",NA,NA,NA,NA,NA,NA,NA,NA,NA,NA,NA,NA,NA,NA
"74","2019-11-29 10:32:05-03","Fapesp","SINBIOTA","210560004","HumanObservation","Animalia",NA,"Canidae","Chrysocyon","brachyurus","Chrysocyon brachyurus",NA,NA,NA,"Brazil","SP","Angatuba","Fazenda Três Lagoas e Fazenda Arca","-48.462766","-23.344612",NA,NA,"Chordata","Mammalia",NA,NA,"Myldred Ometto Spinelli","South America","-48.462766","-23.344612",NA,NA,NA,NA,NA,NA,NA,NA,NA,NA,NA,NA,NA,NA
"75","2019-11-29 10:32:05-03","Fapesp","SINBIOTA","225630002","HumanObservation","Animalia",NA,"Canidae","Chrysocyon","brachyurus","Chrysocyon brachyurus",NA,NA,NA,"Brazil","SP","São Luís do Paraitinga","Os dados foram coletados na zona rural do município, em até 2mil metros ao redor do ponto de GPS, por meio de 10 questionários estruturados (reg. slp01).","-45.2410293038","-23.2742855016",NA,NA,"Chordata","Mammalia",NA,NA,"Camila Alvez Islas","South America","-45.2410293038","-23.2742855016",NA,NA,NA,NA,NA,NA,NA,NA,NA,NA,NA,NA,NA,NA
"76","2019-11-29 10:32:05-03","Fapesp","SINBIOTA","225640005","HumanObservation","Animalia",NA,"Canidae","Chrysocyon","brachyurus","Chrysocyon brachyurus",NA,NA,NA,"Brazil","SP","Lagoinha","Os dados foram coletados na zona rural do município, em até 2mil metros ao redor do ponto de GPS, por meio de 10 questionários estruturados (reg. lag01).","-45.1820523605","-23.1023282925",NA,NA,"Chordata","Mammalia",NA,NA,"Camila Alvez Islas","South America","-45.1820523605","-23.1023282925",NA,NA,NA,NA,NA,NA,NA,NA,NA,NA,NA,NA,NA,NA
"77","2019-11-29 10:32:05-03","Fapesp","SINBIOTA","225660006","HumanObservation","Animalia",NA,"Canidae","Chrysocyon","brachyurus","Chrysocyon brachyurus",NA,NA,NA,"Brazil","SP","Redenção da Serra","Os dados foram coletados na zona rural do município, em até 2mil metros ao redor do ponto de GPS, por meio de 10 questionários estruturados (reg. red01).","-45.5470900994","-23.2227524941",NA,NA,"Chordata","Mammalia",NA,NA,"Camila Alvez Islas","South America","-45.5470900994","-23.2227524941",NA,NA,NA,NA,NA,NA,NA,NA,NA,NA,NA,NA,NA,NA
"78","2019-11-29 10:32:05-03","Fapesp","SINBIOTA","225820005","HumanObservation","Animalia",NA,"Canidae","Chrysocyon","brachyurus","Chrysocyon brachyurus",NA,NA,NA,"Brazil","SP","São Luís do Paraitinga","Os dados foram coletados na zona rural do município, em até 2mil metros ao redor do ponto de GPS, por meio de 10 questionários estruturados (reg. slp12).","-45.1942135565","-23.2064666314",NA,NA,"Chordata","Mammalia",NA,NA,"Camila Alvez Islas","South America","-45.1942135565","-23.2064666314",NA,NA,NA,NA,NA,NA,NA,NA,NA,NA,NA,NA,NA,NA
"79","2019-11-29 10:32:05-03","Fapesp","SINBIOTA","225830007","HumanObservation","Animalia",NA,"Canidae","Chrysocyon","brachyurus","Chrysocyon brachyurus",NA,NA,NA,"Brazil","SP","Redenção da Serra","Os dados foram coletados na zona rural do município, em até 2mil metros ao redor do ponto de GPS, por meio de 10 questionários estruturados (reg. red02).","-45.5677437396","-23.2740308716",NA,NA,"Chordata","Mammalia",NA,NA,"Camila Alvez Islas","South America","-45.5677437396","-23.2740308716",NA,NA,NA,NA,NA,NA,NA,NA,NA,NA,NA,NA,NA,NA
"80","2019-11-29 10:32:05-03","Fapesp","SINBIOTA","225850005","HumanObservation","Animalia",NA,"Canidae","Chrysocyon","brachyurus","Chrysocyon brachyurus",NA,NA,NA,"Brazil","SP","Natividade da Serra","Os dados foram coletados na zona rural do município, em até 2mil metros ao redor do ponto de GPS, por meio de 10 questionários estruturados (reg. nat03).","-45.4517088221","-23.3155615301",NA,NA,"Chordata","Mammalia",NA,NA,"Camila Alvez Islas","South America","-45.4517088221","-23.3155615301",NA,NA,NA,NA,NA,NA,NA,NA,NA,NA,NA,NA,NA,NA
"81","2019-11-29 10:32:05-03","Fapesp","SINBIOTA","225860004","HumanObservation","Animalia",NA,"Canidae","Chrysocyon","brachyurus","Chrysocyon brachyurus",NA,NA,NA,"Brazil","SP","Natividade da Serra","Os dados foram coletados na zona rural do município, em até 2mil metros ao redor do ponto de GPS, por meio de 10 questionários estruturados (reg. nat04).","-45.5105885243","-23.3568412574",NA,NA,"Chordata","Mammalia",NA,NA,"Camila Alvez Islas","South America","-45.5105885243","-23.3568412574",NA,NA,NA,NA,NA,NA,NA,NA,NA,NA,NA,NA,NA,NA
"82","2019-11-29 10:32:05-03","Fapesp","SINBIOTA","225870006","HumanObservation","Animalia",NA,"Canidae","Chrysocyon","brachyurus","Chrysocyon brachyurus",NA,NA,NA,"Brazil","SP","Taubaté","Os dados foram coletados na zona rural do município, em até 2mil metros ao redor do ponto de GPS, por meio de 10 questionários estruturados (reg. tau02).","-45.5451688973","-23.1055386564",NA,NA,"Chordata","Mammalia",NA,NA,"Camila Alvez Islas","South America","-45.5451688973","-23.1055386564",NA,NA,NA,NA,NA,NA,NA,NA,NA,NA,NA,NA,NA,NA
"83","2019-11-29 10:32:05-03","Fapesp","SINBIOTA","225880006","HumanObservation","Animalia",NA,"Canidae","Chrysocyon","brachyurus","Chrysocyon brachyurus",NA,NA,NA,"Brazil","SP","Taubaté","Os dados foram coletados na zona rural do município, em até 2mil metros ao redor do ponto de GPS, por meio de 10 questionários estruturados (reg. tau03).","-45.4655355238","-23.1399566907",NA,NA,"Chordata","Mammalia",NA,NA,"Camila Alvez Islas","South America","-45.4655355238","-23.1399566907",NA,NA,NA,NA,NA,NA,NA,NA,NA,NA,NA,NA,NA,NA
"84","2019-11-29 10:32:05-03","Fapesp","SINBIOTA","225890006","HumanObservation","Animalia",NA,"Canidae","Chrysocyon","brachyurus","Chrysocyon brachyurus",NA,NA,NA,"Brazil","SP","Taubaté","Os dados foram coletados na zona rural do município, em até 2mil metros ao redor do ponto de GPS, por meio de 10 questionários estruturados (reg. tau04).","-45.3781827397","-23.1469472056",NA,NA,"Chordata","Mammalia",NA,NA,"Camila Alvez Islas","South America","-45.3781827397","-23.1469472056",NA,NA,NA,NA,NA,NA,NA,NA,NA,NA,NA,NA,NA,NA
"85","2019-11-29 10:32:05-03","Fapesp","SINBIOTA","225900005","HumanObservation","Animalia",NA,"Canidae","Chrysocyon","brachyurus","Chrysocyon brachyurus",NA,NA,NA,"Brazil","SP","Taubaté","Os dados foram coletados na zona rural do município, em até 2mil metros ao redor do ponto de GPS, por meio de 10 questionários estruturados (reg. tau06).","-45.4296634032","-23.1812402369",NA,NA,"Chordata","Mammalia",NA,NA,"Camila Alvez Islas","South America","-45.4296634032","-23.1812402369",NA,NA,NA,NA,NA,NA,NA,NA,NA,NA,NA,NA,NA,NA
"86","2019-11-29 10:32:05-03","Fapesp","SINBIOTA","225930006","HumanObservation","Animalia",NA,"Canidae","Chrysocyon","brachyurus","Chrysocyon brachyurus",NA,NA,NA,"Brazil","SP","Paraibuna","Os dados foram coletados na zona rural do município, em até 2mil metros ao redor do ponto de GPS, por meio de 10 questionários estruturados (reg. par04).","-45.692924259","-23.4946261458",NA,NA,"Chordata","Mammalia",NA,NA,"Camila Alvez Islas","South America","-45.692924259","-23.4946261458",NA,NA,NA,NA,NA,NA,NA,NA,NA,NA,NA,NA,NA,NA
"87","2019-11-29 10:32:05-03","Fapesp","SINBIOTA","225940004","HumanObservation","Animalia",NA,"Canidae","Chrysocyon","brachyurus","Chrysocyon brachyurus",NA,NA,NA,"Brazil","SP","Paraibuna","Os dados foram coletados na zona rural do município, em até 2mil metros ao redor do ponto de GPS, por meio de 10 questionários estruturados (reg. par06).","-45.732956131","-23.4763060253",NA,NA,"Chordata","Mammalia",NA,NA,"Camila Alvez Islas","South America","-45.732956131","-23.4763060253",NA,NA,NA,NA,NA,NA,NA,NA,NA,NA,NA,NA,NA,NA
"88","2019-11-29 10:32:05-03","Fapesp","SINBIOTA","225950004","HumanObservation","Animalia",NA,"Canidae","Chrysocyon","brachyurus","Chrysocyon brachyurus",NA,NA,NA,"Brazil","SP","Paraibuna","Os dados foram coletados na zona rural do município, em até 2mil metros ao redor do ponto de GPS, por meio de 10 questionários estruturados (reg. par07).","-45.7777081944","-23.506853163",NA,NA,"Chordata","Mammalia",NA,NA,"Camila Alvez Islas","South America","-45.7777081944","-23.506853163",NA,NA,NA,NA,NA,NA,NA,NA,NA,NA,NA,NA,NA,NA
"89","2019-11-29 10:32:05-03","Fapesp","SINBIOTA","225960008","HumanObservation","Animalia",NA,"Canidae","Chrysocyon","brachyurus","Chrysocyon brachyurus",NA,NA,NA,"Brazil","SP","São Luís do Paraitinga","Os dados foram coletados na zona rural do município, em até 2mil metros ao redor do ponto de GPS, por meio de 10 questionários estruturados (reg. pil01).","-45.13181","-23.220575",NA,NA,"Chordata","Mammalia",NA,NA,"Camila Alvez Islas","South America","-45.13181","-23.220575",NA,NA,NA,NA,NA,NA,NA,NA,NA,NA,NA,NA,NA,NA
"90","2019-11-29 10:32:05-03","Fapesp","SINBIOTA","225970006","HumanObservation","Animalia",NA,"Canidae","Chrysocyon","brachyurus","Chrysocyon brachyurus",NA,NA,NA,"Brazil","SP","São Luís do Paraitinga","Os dados foram coletados na zona rural do município, em até 2mil metros ao redor do ponto de GPS, por meio de 10 questionários estruturados (reg. pil02).","-45.167791","-23.233176",NA,NA,"Chordata","Mammalia",NA,NA,"Camila Alvez Islas","South America","-45.167791","-23.233176",NA,NA,NA,NA,NA,NA,NA,NA,NA,NA,NA,NA,NA,NA
"91","2019-11-29 10:32:05-03","Fapesp","SINBIOTA","225980008","HumanObservation","Animalia",NA,"Canidae","Chrysocyon","brachyurus","Chrysocyon brachyurus",NA,NA,NA,"Brazil","SP","Natividade da Serra","Os dados foram coletados na zona rural do município, em até 2mil metros ao redor do ponto de GPS, por meio de 10 questionários estruturados (reg. pil03).","-45.33298","-23.336155",NA,NA,"Chordata","Mammalia",NA,NA,"Camila Alvez Islas","South America","-45.33298","-23.336155",NA,NA,NA,NA,NA,NA,NA,NA,NA,NA,NA,NA,NA,NA
"92","2019-11-29 10:32:05-03","Fapesp","SINBIOTA","171820002","HumanObservation","Animalia",NA,"Canidae","Chrysocyon","brachyurus","Chrysocyon brachyurus",NA,NA,NA,"Brazil","SP","Borebi",NA,"-48.883301","-22.8167",NA,NA,"Chordata","Mammalia",NA,"Equipe Técnica do Departamento Estadual de Proteção de Recursos Naturais (DEPRN) de Avaré.","Equipe Técnica do DEPRN de Avaré.","South America","-48.883301","-22.8167",NA,NA,NA,NA,NA,NA,NA,NA,NA,NA,NA,NA,NA,NA
"93","2019-11-29 10:32:05-03","Fapesp","SINBIOTA","172840026","HumanObservation","Animalia",NA,"Canidae","Chrysocyon","brachyurus","Chrysocyon brachyurus",NA,NA,NA,"Brazil","SP","Botucatu",NA,"-48.116699","-22.65",NA,NA,"Chordata","Mammalia",NA,"Instituto de Biologia da Universidade de São Paulo (USP). [ on line ]. Disponível em URL: www.ib.usp.br/ceo/listaun/listabarric.html. Arquivo consultado em 05/11/2002; JIM, J. Aspectos ecológicos dos anfibios registrados na região de Botucatu, São paulo (","Instituto de Biologia da USP (04/10/2002); JIM, J. (1980); Equipe Técnica do DEPRN de Botucatu¹.","South America","-48.116699","-22.65",NA,NA,NA,NA,NA,NA,NA,NA,NA,NA,NA,NA,NA,NA
"94","2019-11-29 10:32:05-03","Fapesp","SINBIOTA","173020002","HumanObservation","Animalia",NA,"Canidae","Chrysocyon","brachyurus","Chrysocyon brachyurus",NA,NA,NA,"Brazil","SP","Franca",NA,"-46.883301","-23.200001",NA,NA,"Chordata","Mammalia",NA,"Adisan Engenharia e Projetos. Sistema de disposição final de resíduos sólidos urbanos- Municipio de Franca - Aterro Sanitário. Extremo sudoeste do Municipio de Franca, próximo à divisa do Municipio de Restinga, Franca, 2002 (RIMA); Bauart : Engenharia. Hi","Adisan Engenharia e Projetos (2002) - RIMA; Bauart : Engenharia.(1990) - RIMA; Equipe Técnica do DEPRN de Franca¹.","South America","-46.883301","-23.200001",NA,NA,NA,NA,NA,NA,NA,NA,NA,NA,NA,NA,NA,NA
"95","2019-11-29 10:32:05-03","Fapesp","SINBIOTA","104530002","HumanObservation","Animalia",NA,"Canidae","Chrysocyon","brachyurus","Chrysocyon brachyurus",NA,NA,NA,"Brazil","SP","Ipeúna","reflorestamento de eucalipto, Fazenda São João II, área arrendada para RIPASA","-47.840801","-22.412701",NA,NA,"Chordata","Mammalia",NA,"Dotta, Graziela. 2005. Diversidade de mamíferos de médio e grande porte em relação à paisagem da bacia do Rio Passa-Cinco, São Paulo. Universidade de São Paulo, Piracicaba, SP.","Graziela Dotta","South America","-47.840801","-22.412701",NA,NA,NA,NA,NA,NA,NA,NA,NA,NA,NA,NA,NA,NA
"96","2019-11-29 10:32:05-03","Fapesp","SINBIOTA","172780003","HumanObservation","Animalia",NA,"Canidae","Chrysocyon","brachyurus","Chrysocyon brachyurus",NA,NA,NA,"Brazil","SP","Ubirajara",NA,"-48.599998","-22.633301",NA,NA,"Chordata","Mammalia",NA,"Linha de Terra Planejamento Ambiental Fazenda Marcicano. Projeto Agropecuário. Santa Cruz do Rio Pardo, 1990 (RIMA); Equipe Técnica do Departamento de Proteção dos Recursos Naturais (DEPRN) de Ourinhos.","Linha de Terra (1990) - RIMA; Equipe Técnica do DEPRN de Ourinhos¹.","South America","-48.599998","-22.633301",NA,NA,NA,NA,NA,NA,NA,NA,NA,NA,NA,NA,NA,NA
"97","2018-10-18 11:37:11-03","ZUEC","ZUEC-MAM","1489","PreservedSpecimen","Animalia","Carnivora","Canidae","Chrysocyon","brachyurus","Chrysocyon brachyurus","1992","01","01","Brasil","São Paulo","Américo Brasiliense","Clube Náutico Araraquara","-48.099722222222","-21.72",NA,NA,"Chordata","Mammalia","Pata dianteira","Georreferenciado utilizando a ferramenta data cleaning/geoLoc <U+0096> CRIA/fonte municípios do IBGE","Wesley Rodrigues Silva & Emygdio Leite de Araujo Monteiro Filho",NA,"48W05'59''","21S43'12''",NA,NA,NA,NA,NA,NA,NA,NA,NA,NA,NA,NA,NA,NA
"98","2018-10-18 11:37:11-03","ZUEC","ZUEC-MAM","1490","PreservedSpecimen","Animalia","Carnivora","Canidae","Chrysocyon","brachyurus","Chrysocyon brachyurus","1992","01","01","Brasil","São Paulo","Américo Brasiliense","Clube Náutico Araraquara","-48.099722222222","-21.72",NA,NA,"Chordata","Mammalia","Pegada traseira","Georreferenciado utilizando a ferramenta data cleaning/geoLoc <U+0096> CRIA/fonte municípios do IBGE","Wesley Rodrigues Silva & Emygdio Leite de Araujo Monteiro Filho",NA,"48W05'59''","21S43'12''",NA,NA,NA,NA,NA,NA,NA,NA,NA,NA,NA,NA,NA,NA
"99","2018-10-18 11:37:11-03","ZUEC","ZUEC-MAM","1515","PreservedSpecimen","Animalia","Carnivora","Canidae","Chrysocyon","brachyurus","Chrysocyon brachyurus","1992","06","13","Brasil","Minas Gerais","Uba",NA,"-42.942777777778","-21.120277777778",NA,NA,"Chordata","Mammalia","Crânio","Georreferenciado utilizando a ferramenta data cleaning/geoLoc <U+0096> CRIA/fonte municípios do IBGE",NA,NA,"42W56'34''","21S07'13''",NA,NA,NA,NA,NA,NA,NA,NA,NA,NA,NA,NA,NA,NA
"100","2018-10-18 11:37:12-03","ZUEC","ZUEC-MAM","1534","PreservedSpecimen","Animalia","Carnivora","Canidae","Chrysocyon","brachyurus","Chrysocyon brachyurus","1989","01","27","Brasil","São Paulo","Ribeirão Preto",NA,"-47.81","-21.170277777778",NA,NA,"Chordata","Mammalia","Crânio","Georreferenciado utilizando a ferramenta data cleaning/geoLoc <U+0096> CRIA/fonte municípios do IBGE- Morto no Zool.Piracicaba - Reg.201",NA,NA,"47W48'36''","21S10'13''","M",NA,NA,NA,NA,NA,NA,NA,NA,NA,NA,NA,NA,NA
"101","2018-10-18 11:37:14-03","ZUEC","ZUEC-MAM","1832","PreservedSpecimen","Animalia","Carnivora","Canidae","Chrysocyon","brachyurus","Chrysocyon brachyurus","1995","04","17","Brasil","Minas Gerais","Passos","Km 201, Rodovia Belo Horizonte, Passos mun. Rihumim","-46.609444444444","-20.719166666667",NA,NA,"Chordata","Mammalia","Pele e Crânio","Georreferenciado utilizando a ferramenta data cleaning/geoLoc <U+0096> CRIA/fonte municípios do IBGE","Adão José Cardoso",NA,"46W36'34''","20S43'09''","F",NA,NA,NA,NA,NA,NA,NA,NA,NA,NA,NA,NA,NA
"102","2018-10-18 11:37:15-03","ZUEC","ZUEC-MAM","1916","PreservedSpecimen","Animalia","Carnivora","Canidae","Chrysocyon","brachyurus","Chrysocyon brachyurus","1996","04","11","Brasil","São Paulo","Piracicaba",NA,"-47.639722222222","-22.72",NA,NA,"Chordata","Mammalia","Pele e Crânio","Georreferenciado utilizando a ferramenta data cleaning/geoLoc <U+0096> CRIA/fonte municípios do IBGE- Atropelado","Engel, R.",NA,"47W38'23''","22S43'12''","M",NA,NA,NA,NA,NA,NA,NA,NA,NA,NA,NA,NA,NA
"103","2018-10-18 11:37:18-03","ZUEC","ZUEC-MAM","2376","PreservedSpecimen","Animalia","Carnivora","Canidae","Chrysocyon","brachyurus","Chrysocyon brachyurus",NA,NA,NA,"Brasil","São Paulo","Santos","Serra do Mar","-46.33","-23.96",NA,NA,"Chordata","Mammalia","Pele e Crânio","Georreferenciado utilizando a ferramenta data cleaning/geoLoc <U+0096> CRIA/fonte municípios do IBGE- Atropelado","Rodrigo A. Nobrega",NA,"46W19'48''","23S57'36''","F",NA,NA,NA,NA,NA,NA,NA,NA,NA,NA,NA,NA,NA
"104","2018-10-18 11:37:14-03","ZUEC","ZUEC-MAM","1845","PreservedSpecimen","Animalia","Carnivora","Canidae","Chrysocyon","brachyurus","Chrysocyon brachyurus","1994","07","01","Brasil","São Paulo","Piracaia",NA,"-46.349722222222",NA,NA,NA,"Chordata","Mammalia","Pele e Crânio","Georreferenciado utilizando a ferramenta data cleaning/geoLoc <U+0096> CRIA/fonte municípios do IBGE","Ariovaldo Antonio Giaretta",NA,"46W20'59''","23S02'60''","F",NA,NA,NA,NA,NA,NA,NA,NA,NA,NA,NA,NA,NA
"105","2019-09-24 15:09:58-03","MCZ","HU-ZOO","34261","PreservedSpecimen","Animalia","Carnivora","Canidae","Chrysocyon","brachyurus","Chrysocyon brachyurus","1700","01","01","Brazil",NA,NA,NA,"-55","-10",NA,NA,"Chordata","Mammalia","1",NA,NA,"South America","-55","-10",NA,"(Illiger, 1815)","skull (dry); skin (dry)",NA,NA,NA,NA,NA,NA,NA,NA,NA,NA,NA
"106","2019-09-24 15:09:58-03","MCZ","HU-ZOO","42147","PreservedSpecimen","Animalia","Carnivora","Canidae","Chrysocyon","brachyurus","Chrysocyon brachyurus","1700","01","01","Brazil",NA,NA,"Matto Grosso","-48.616667","-18.733333",NA,NA,"Chordata","Mammalia","1",NA,NA,"South America","-48.616667","-18.733333",NA,"(Illiger, 1815)","skeleton (dry)",NA,NA,NA,NA,NA,NA,NA,NA,NA,NA,NA
"107","2015-04-15 15:18:42-03","UNEMAT","CM","CM776","S","Animalia","Carnivora","Canidae","Chrysocyon","brachyurus","Chrysocyon brachyurus","2014","08","16","Brasil","MT","Água Boa","Br 158 Km 574","-52.193889","-14.178611",NA,NA,"Chordata","Mammalia",NA,"Obs: Atropelado, estava em adiantado estado de decomposição","Anacleto, T. C.","América do Sul","52° 11' 38 W","14° 10' 43,0 S","m",NA,"seca","-",NA,NA,NA,NA,NA,NA,NA,NA,NA,NA
"108","2015-04-15 15:18:42-03","UNEMAT","CM","CM684","S","Animalia","Carnivora","Canidae","Chrysocyon","brachyurus","Chrysocyon brachyurus","2013","02","17","Brasil","MT","Água Boa","Br 158 Km 629","-52.302722","-14.524611",NA,NA,"Chordata","Mammalia",NA,"Habitat: Alterado - pastagem nas 2 margens da rodovia; Obs: Encontrado atropelado próximo à Fazenda Grão de Ouro","Tavares, T. C.","América do Sul","52° 18' 09,8 W","14° 31' 28,6 S","-",NA,"seca","-",NA,NA,NA,NA,NA,NA,NA,NA,NA,NA
"109","2015-04-15 15:18:42-03","UNEMAT","CM","CM770","S","Animalia","Carnivora","Canidae","Chrysocyon","brachyurus","Chrysocyon brachyurus","2014","05","19","Brasil","MT","Nova Xavantina","Br 158 Km 675","-52.303556","-14.805611",NA,NA,"Chordata","Mammalia",NA,"Habitat: Mata de galeria; Obs: Atropelado na Br sentido Barra do Garças","Oliveira, J. C. A.","América do Sul","52° 18' 12,8 W","14º 48' 20,2 S",NA,NA,"seca","-",NA,NA,NA,NA,NA,NA,NA,NA,NA,NA
"110","2015-03-23 16:03:13-03","UNEMAT","CM","CM413","S","Animalia","Carnivora","Canidae","Chrysocyon","brachyurus","Chrysocyon brachyurus","2010","01","29","Brasil","MT","Barra do Garças","Br 158 Km 685","-52.2567","-15.89","123012","auto","Chordata","Mammalia",NA,"Obs: Animal atropelado","Anacleto, T. C.","América do Sul",NA,NA,"M",NA,"seca",NA,NA,NA,NA,NA,NA,NA,NA,NA,NA,NA
"111","2015-03-23 16:03:13-03","UNEMAT","CM","CZJR093","S","Animalia","Carnivora","Canidae","Chrysocyon","brachyurus","Chrysocyon brachyurus","2000","06","24","Brasil","MT","Campinápolis","Rod. Mun. João Jacinto km 1","-52.8947","-14.5156","100133","auto","Chordata","Mammalia",NA,"Obs: Encontrado morto","Rocha, E. C.","América do Sul",NA,NA,NA,NA,"seca",NA,NA,NA,NA,NA,NA,NA,NA,NA,NA,NA
"112","2015-03-23 16:03:13-03","UNEMAT","CM","CZJR097","S","Animalia","Carnivora","Canidae","Chrysocyon","brachyurus","Chrysocyon brachyurus","2000","02","17","Brasil","MT","Campinápolis","Reserva Indígena - Aldeia S. José","-52.8947","-14.5156","100133","auto","Chordata","Mammalia",NA,"Obs: mand. Inferior","Rocha, E. C.","América do Sul",NA,NA,NA,NA,"seca",NA,NA,NA,NA,NA,NA,NA,NA,NA,NA,NA
"113","2018-07-12 14:00:54-03","MCN-PUC-MINAS","MCN-M","MCN-M 1790","S","Animalia","Carnivora","Canidae","Chrysocyon","brachyurus","Chrysocyon brachyurus","1997","08","22","Brasil","MG","Indianópolis","UHE Miranda","-47.9169006347656","-19.0386009216309","30244","auto","Chordata","Mammalia",NA,"Pele: Não Crânio Pós-crânio",NA,NA,NA,NA,"M",NA,NA,NA,"N 2016",NA,NA,NA,NA,NA,NA,NA,NA,NA
"114","2018-07-12 14:00:54-03","MCN-PUC-MINAS","MCN-M","MCN-M 1882","S","Animalia","Carnivora","Canidae","Chrysocyon","brachyurus","Chrysocyon brachyurus","2007","03","10","Brasil","MG","Luz","Rodovia BR 262","-45.6856002807617","-19.801399230957","31171","auto","Chordata","Mammalia",NA,"Pele: Não Crânio Pós-crânio",NA,NA,NA,NA,"-",NA,NA,NA,NA,NA,NA,NA,NA,NA,NA,NA,NA,NA
"115","2015-03-30 16:48:18-03","MCN-PUC-MINAS","MCN-M","MCN-M 1883","S","Animalia","Carnivora","Canidae","Chrysocyon","brachyurus","Chrysocyon brachyurus","1989","11","01","Brasil","MG","Pompéu",NA,"-44.9352989196777","-19.2243995666504","51679","auto","Chordata","Mammalia",NA,"Pele: Não Crânio Pós-crânio",NA,NA,NA,NA,"-",NA,NA,NA,NA,NA,NA,NA,NA,NA,NA,NA,NA,NA
"116","2019-09-23 11:30:53-03","Berkeley","MVZ_BR","MVZ:Mamm:198039","PreservedSpecimen","Animalia","Carnivora","Canidae","Chrysocyon","brachyurus","Chrysocyon brachyurus species","1998","08","26","Brazil","Mato Grosso do Sul",NA,"Rodovia BR 463, km 20, 12 km W Dourados","-54.9125","-22.2455556",NA,NA,"Chordata","Mammalia","1","collector number=607","Collector(s): Leonora P. Costa","South America","-54.9125","-22.2455556","female",NA,"tissue (frozen); tissue (froze","607",NA,"species","James L. Patton","2002","01","23","459","459",NA,NA
"117","2019-10-03 11:21:45-03","MBML","MBML-MAMIFEROS","3629","PreservedSpecimen","Animalia","Carnivora","Canidae","Chrysocyon","brachyurus","Chrysocyon brachyurus","2016","12","13","Brasil","Espírito Santo","Viana","Km 306 na BR-101, próximo ao Parque Industrial, pista norte.","-40.461944","-20.392778",NA,NA,NA,NA,NA,NA,"Inspetores de tráfego da BR-101.",NA,"40°27'43W","20°23'34S",NA,NA,NA,NA,NA,NA,"Juliana Paulo da Silva",NA,NA,NA,"21","21",NA,NA
"118","2017-03-30 08:55:27-03","UFMG-ICB","UFMG-BDT","MM000186","S","Animalia","Carnivora","Canidae","Chrysocyon","brachyurus","Chrysocyon brachyurus",NA,NA,NA,"Brasil","Minas Gerais","Bom Despacho","BR 262","-45.200222","-19.788",NA,NA,"Craniata","Mammalia",NA,"o crânio foi levado para C.Zool. Mario Cozzuol","Fabrício R. Santos","América do Sul","45°12'00.8W","19°47'16.8S","s/ID",NA,NA,NA,NA,NA,"Fabricio R. Santos",NA,NA,NA,NA,NA,"M001762",NA
"119","2019-11-11 16:19:59-03","UNICAMP","FNJV","0007782","MachineObservation","Animalia","Carnivora","Canidae","Chrysocyon","brachyurus","Chrysocyon brachyurus","1989","12","27","Brazil","Espírito Santo","Santa Teresa","Museu de Biologia Mello Leitão","-40.6002998352051","-19.9356002807617","23813","auto","Chordata","Mammalia",NA,NA,"Sérgio Lucena Mendes",NA,NA,NA,"male",NA,NA,NA,NA,NA,NA,NA,NA,NA,NA,NA,NA,"<a href=http://www2.ib.unicamp.br/fnjv/collection.php?fnjv=0007782 class=audio target=fnjv>Maiores informações e Áudio</a>"
"120","2019-11-11 16:19:59-03","UNICAMP","FNJV","0007731","MachineObservation","Animalia","Carnivora","Canidae","Chrysocyon","brachyurus","Chrysocyon brachyurus","1985","03","10","Brazil","São Paulo","São Paulo","Instituto Florestal","-46.6300010681152","-23.5400009155273","53584","auto","Chordata","Mammalia","1","Tipo de vocalização: Canto","LM",NA,NA,NA,"female",NA,NA,NA,NA,NA,NA,NA,NA,NA,NA,NA,NA,"<a href=http://www2.ib.unicamp.br/fnjv/collection.php?fnjv=0007731 class=audio target=fnjv>Maiores informações e Áudio</a>"
"121","2019-07-18 10:57:06-03","UFES","UFES-CTA","1555","S","Animalia","Carnivora","Canidae","Chrysocyon","brachyurus","Chrysocyon brachyurus","1998","08","26","Brasil","Mato Grosso do Sul","Dourados","Rodovia BR 463, km 20, 12 km W Dourados","-54.9125","-22.2455555555556",NA,NA,"Chordata","Mammalia","1",NA,"Leonora Pires Costa","América do Sul","-54,9125","-22,2455555555556","F",NA,"tecido (ETOH)","LPC 607",NA,NA,NA,NA,NA,NA,"459","459",NA,NA
